TransactionID,OrderDate,ProductID,Product,Category,Region,Channel,Status,Quantity,UnitPriceGBP,UnitCostGBP,DiscountPct
10659,2024-01-01,P006,Chair,Furniture,Scotland,Partner,Completed,1,137.59,67.98,0.05
10096,2024-01-02,P008,Webcam,Electronics,North,Online,Cancelled,4,90.23,42.76,0.05
10322,2024-01-02,P004,Mouse,Accessories,North,Retail,Cancelled,4,27.03,12.75,0.15
10376,2024-01-02,P001,Laptop,Electronics,Midlands,Online,Completed,4,924.15,619.34,0.05
10027,2024-01-03,P007,Headset,Accessories,Wales,Retail,Completed,3,73.35,35.58,0.05
10428,2024-01-03,P001,Laptop,Electronics,Wales,Retail,Completed,1,953.54,631.77,0
10038,2024-01-04,P006,Chair,Furniture,South,Online,Completed,2,137.62,68.55,0.1
10811,2024-01-04,P007,Headset,Accessories,South,Online,Completed,2,70.64,35.2,0
10517,2024-01-05,P005,Desk,Furniture,Midlands,Online,Completed,2,272.41,159.24,0.1
10907,2024-01-05,P001,Laptop,Electronics,Midlands,Partner,Completed,2,927.06,632.01,0.05
10235,2024-01-07,P005,Desk,Furniture,North,Retail,Completed,4,277.96,156.34,0
10595,2024-01-09,P002,Monitor,Electronics,South,Retail,Completed,4,276.83,173.97,0
10305,2024-01-10,P008,Webcam,Electronics,North,Online,Cancelled,2,90.4,42.02,0.1
10346,2024-01-10,P006,Chair,Furniture,Scotland,Online,Completed,1,132.89,69.98,0
10560,2024-01-10,P001,Laptop,Electronics,South,Online,Completed,4,902.56,610.43,0
10934,2024-01-11,P002,Monitor,Electronics,North,Online,Completed,3,280.33,171.58,0.05
10336,2024-01-12,P003,Keyboard,Accessories,Wales,Online,Completed,4,48.81,26.45,0
10391,2024-01-13,P007,Headset,Accessories,Midlands,Online,Cancelled,1,73.66,35.94,0.1
10592,2024-01-15,P006,Chair,Furniture,Midlands,Online,Completed,1,137.94,67.36,0
10026,2024-01-16,P002,Monitor,Electronics,North,Online,Completed,2,294.45,168.0,0.05
10219,2024-01-20,P008,Webcam,Electronics,Midlands,Online,Completed,3,89.46,42.44,0.05
10552,2024-01-20,P003,Keyboard,Accessories,Wales,Online,Completed,1,48.45,26.41,0
10697,2024-01-20,P008,Webcam,Electronics,Midlands,Retail,Completed,1,90.27,43.06,0
10642,2024-01-24,P005,Desk,Furniture,Midlands,Online,Completed,2,272.89,155.32,0.1
10875,2024-01-24,P001,Laptop,Electronics,Midlands,Retail,Completed,3,899.51,609.46,0.1
10894,2024-01-24,P006,Chair,Furniture,North,Online,Cancelled,4,134.56,66.95,0
10294,2024-01-26,P008,Webcam,Electronics,Midlands,Partner,Completed,1,91.51,42.69,0
10694,2024-01-26,P004,Mouse,Accessories,Midlands,Retail,Completed,4,27.2,13.28,0.05
10741,2024-01-26,P007,Headset,Accessories,Midlands,Online,Completed,2,73.07,35.32,0.1
10784,2024-01-28,P006,Chair,Furniture,North,Online,Completed,4,134.27,68.89,0.05
10849,2024-01-28,P004,Mouse,Accessories,South,Retail,Completed,4,27.81,13.09,0.15
10075,2024-01-30,P008,Webcam,Electronics,North,Online,Completed,3,88.07,42.41,0
10819,2024-01-30,P005,Desk,Furniture,North,Online,Completed,3,277.97,156.92,0
10276,2024-01-31,P005,Desk,Furniture,South,Online,Completed,4,270.33,156.44,0.05
10359,2024-01-31,P007,Headset,Accessories,North,Online,Completed,4,71.25,35.85,0
10189,2024-02-01,P003,Keyboard,Accessories,North,Online,Completed,4,48.84,26.22,0
10270,2024-02-02,P002,Monitor,Electronics,Midlands,Retail,Completed,4,276.64,168.06,0.15
10922,2024-02-04,P007,Headset,Accessories,Wales,Retail,Completed,3,74.47,35.07,0
10360,2024-02-05,P004,Mouse,Accessories,South,Partner,Completed,3,26.36,12.99,0
10805,2024-02-05,P001,Laptop,Electronics,Midlands,Online,Completed,2,900.26,634.48,0.15
10514,2024-02-06,P006,Chair,Furniture,South,Partner,Completed,2,138.32,67.84,0
10046,2024-02-09,P002,Monitor,Electronics,Midlands,Retail,Completed,4,296.09,167.58,0.1
10117,2024-02-10,P005,Desk,Furniture,North,Online,Completed,4,284.26,154.43,0
10563,2024-02-10,P008,Webcam,Electronics,South,Online,Completed,4,89.86,42.3,0
10828,2024-02-11,P008,Webcam,Electronics,Wales,Retail,Completed,3,87.03,42.67,0.05
10594,2024-02-14,P005,Desk,Furniture,North,Online,Cancelled,2,267.77,156.97,0
10181,2024-02-15,P006,Chair,Furniture,Scotland,Online,Completed,3,135.47,67.26,0.15
10887,2024-02-15,P007,Headset,Accessories,South,Retail,Completed,4,72.24,35.56,0.05
10012,2024-02-18,P002,Monitor,Electronics,South,Retail,Completed,2,277.72,169.84,0.1
10250,2024-02-19,P004,Mouse,Accessories,Midlands,Online,Completed,1,26.45,13.39,0
10423,2024-02-19,P001,Laptop,Electronics,South,Online,Completed,1,921.01,611.43,0.05
10440,2024-02-21,P004,Mouse,Accessories,Midlands,Online,Completed,4,27.7,13.03,0.05
10256,2024-02-22,P005,Desk,Furniture,South,Retail,Completed,4,282.24,156.45,0
10131,2024-02-23,P003,Keyboard,Accessories,South,Retail,Completed,4,50.2,26.15,0.05
10510,2024-02-23,P003,Keyboard,Accessories,Wales,Online,Completed,4,49.15,26.26,0
10675,2024-02-23,P003,Keyboard,Accessories,Midlands,Online,Cancelled,4,48.83,26.4,0
10916,2024-02-23,P006,Chair,Furniture,Scotland,Online,Completed,4,135.85,68.32,0.15
10082,2024-02-25,P005,Desk,Furniture,South,Retail,Completed,2,277.8,155.54,0
10382,2024-02-25,P006,Chair,Furniture,Midlands,Online,Cancelled,1,132.84,66.73,0.05
10470,2024-02-25,P003,Keyboard,Accessories,South,Retail,Completed,3,48.93,26.07,0
10242,2024-02-26,P008,Webcam,Electronics,South,Online,Completed,2,89.21,42.85,0.1
10156,2024-02-27,P006,Chair,Furniture,Midlands,Online,Completed,1,138.81,66.9,0
10133,2024-03-03,P008,Webcam,Electronics,Midlands,Online,Completed,4,91.93,41.84,0
10123,2024-03-05,P008,Webcam,Electronics,South,Online,Completed,3,88.23,42.19,0
10020,2024-03-06,P006,Chair,Furniture,South,Online,Completed,1,131.62,68.79,0
10010,2024-03-08,P004,Mouse,Accessories,North,Online,Completed,3,26.69,12.9,0
10161,2024-03-08,P006,Chair,Furniture,South,Online,Completed,1,139.0,69.92,0.15
10752,2024-03-09,P006,Chair,Furniture,South,Partner,Completed,4,138.68,67.91,0.15
10680,2024-03-10,P001,Laptop,Electronics,North,Online,Completed,4,906.53,616.38,0
10777,2024-03-10,P008,Webcam,Electronics,Wales,Online,Completed,1,88.22,42.47,0
10288,2024-03-11,P007,Headset,Accessories,North,Online,Completed,4,70.62,35.04,0.15
10570,2024-03-13,P001,Laptop,Electronics,South,Partner,Completed,2,943.99,609.48,0.05
10722,2024-03-13,P007,Headset,Accessories,South,Online,Completed,3,74.61,35.25,0.15
10555,2024-03-14,P008,Webcam,Electronics,North,Retail,Completed,2,87.09,42.77,0
10033,2024-03-15,P001,Laptop,Electronics,South,Retail,Completed,4,927.02,623.28,0
10084,2024-03-16,P001,Laptop,Electronics,North,Retail,Completed,2,956.41,611.27,0
10357,2024-03-17,P001,Laptop,Electronics,North,Retail,Completed,1,950.69,633.31,0
10429,2024-03-17,P002,Monitor,Electronics,South,Online,Completed,3,285.71,167.45,0
10240,2024-03-20,P002,Monitor,Electronics,Scotland,Partner,Completed,1,287.16,168.0,0.1
10111,2024-03-21,P007,Headset,Accessories,South,Retail,Completed,2,73.06,35.1,0.05
10186,2024-03-21,P007,Headset,Accessories,South,Online,Completed,2,73.17,34.84,0
10647,2024-03-21,P008,Webcam,Electronics,North,Retail,Completed,2,89.17,42.6,0
10762,2024-03-21,P007,Headset,Accessories,North,Retail,Completed,1,70.83,34.36,0
10091,2024-03-23,P001,Laptop,Electronics,South,Retail,Completed,4,907.14,628.5,0
10692,2024-03-23,P008,Webcam,Electronics,South,Online,Completed,3,90.45,41.79,0.05
10729,2024-03-23,P007,Headset,Accessories,Midlands,Partner,Completed,2,71.23,35.52,0
10673,2024-03-27,P003,Keyboard,Accessories,Scotland,Retail,Completed,2,48.35,26.05,0.05
10820,2024-03-28,P001,Laptop,Electronics,North,Online,Completed,4,906.07,619.49,0.15
10850,2024-03-29,P005,Desk,Furniture,North,Online,Completed,4,284.12,157.63,0
10511,2024-03-31,P002,Monitor,Electronics,North,Online,Completed,3,284.12,174.97,0.15
10597,2024-03-31,P003,Keyboard,Accessories,South,Online,Completed,2,48.38,26.17,0
10658,2024-04-01,P001,Laptop,Electronics,Scotland,Partner,Completed,4,950.43,637.6,0
10703,2024-04-01,P005,Desk,Furniture,South,Retail,Completed,4,269.19,153.01,0.15
10816,2024-04-01,P006,Chair,Furniture,Wales,Online,Cancelled,2,138.26,69.8,0.05
10367,2024-04-02,P001,Laptop,Electronics,South,Online,Completed,2,913.76,626.64,0
10384,2024-04-03,P007,Headset,Accessories,Midlands,Online,Completed,2,70.06,35.07,0.05
10831,2024-04-06,P006,Chair,Furniture,Midlands,Partner,Completed,1,134.48,69.8,0.05
10706,2024-04-07,P006,Chair,Furniture,South,Retail,Completed,2,131.45,67.02,0
10124,2024-04-09,P004,Mouse,Accessories,Midlands,Online,Cancelled,2,27.3,13.21,0.05
10109,2024-04-10,P002,Monitor,Electronics,North,Online,Completed,4,282.92,167.08,0
10275,2024-04-10,P007,Headset,Accessories,Scotland,Online,Cancelled,2,71.84,35.65,0.1
10711,2024-04-10,P004,Mouse,Accessories,Scotland,Online,Completed,4,27.08,13.05,0
10895,2024-04-11,P003,Keyboard,Accessories,North,Online,Completed,3,48.58,26.01,0
10788,2024-04-12,P004,Mouse,Accessories,South,Retail,Completed,3,27.35,12.98,0
10528,2024-04-13,P006,Chair,Furniture,South,Online,Cancelled,3,133.19,68.24,0
10900,2024-04-13,P004,Mouse,Accessories,Midlands,Online,Completed,2,27.14,13.25,0.15
10279,2024-04-14,P003,Keyboard,Accessories,North,Online,Cancelled,1,48.93,25.51,0.1
10300,2024-04-14,P003,Keyboard,Accessories,Midlands,Online,Completed,3,50.49,26.17,0.15
10758,2024-04-14,P004,Mouse,Accessories,South,Retail,Cancelled,2,27.49,13.36,0.1
10324,2024-04-15,P006,Chair,Furniture,Wales,Online,Completed,3,140.33,67.13,0.15
10932,2024-04-17,P008,Webcam,Electronics,South,Partner,Completed,1,87.76,42.47,0.15
10015,2024-04-18,P005,Desk,Furniture,North,Retail,Cancelled,2,284.43,156.54,0.1
10832,2024-04-18,P006,Chair,Furniture,North,Online,Completed,2,136.89,67.56,0.05
10114,2024-04-19,P004,Mouse,Accessories,South,Retail,Completed,4,28.04,13.17,0
10231,2024-04-19,P006,Chair,Furniture,Midlands,Retail,Cancelled,3,139.35,67.1,0.05
10506,2024-04-19,P003,Keyboard,Accessories,South,Online,Cancelled,4,49.47,26.28,0.05
10842,2024-04-20,P007,Headset,Accessories,North,Retail,Cancelled,4,71.63,35.32,0
10926,2024-04-20,P002,Monitor,Electronics,South,Online,Completed,1,278.96,170.93,0.1
10132,2024-04-21,P008,Webcam,Electronics,Wales,Online,Cancelled,2,89.18,43.18,0
10351,2024-04-21,P003,Keyboard,Accessories,North,Online,Completed,1,49.37,26.73,0
10177,2024-04-23,P008,Webcam,Electronics,South,Retail,Completed,1,89.0,42.45,0
10039,2024-04-24,P002,Monitor,Electronics,South,Retail,Cancelled,2,279.4,167.68,0.1
10638,2024-04-24,P006,Chair,Furniture,Scotland,Partner,Completed,1,131.19,68.28,0.1
10559,2024-04-25,P004,Mouse,Accessories,Midlands,Online,Completed,4,26.42,13.25,0.1
10099,2024-04-26,P008,Webcam,Electronics,South,Online,Completed,1,90.72,42.03,0.1
10335,2024-04-28,P008,Webcam,Electronics,Midlands,Retail,Completed,1,86.41,41.45,0
10192,2024-04-30,P005,Desk,Furniture,South,Online,Cancelled,3,280.11,159.64,0
10643,2024-04-30,P005,Desk,Furniture,North,Online,Cancelled,2,276.65,153.5,0.1
10148,2024-05-02,P001,Laptop,Electronics,Scotland,Online,Completed,4,937.72,623.11,0.1
10460,2024-05-02,P007,Headset,Accessories,Midlands,Retail,Completed,1,72.78,34.75,0
10774,2024-05-05,P004,Mouse,Accessories,South,Online,Cancelled,4,26.71,13.25,0.1
10475,2024-05-06,P001,Laptop,Electronics,South,Online,Cancelled,1,912.02,630.8,0
10171,2024-05-07,P005,Desk,Furniture,Scotland,Online,Cancelled,1,282.75,152.61,0
10128,2024-05-08,P004,Mouse,Accessories,Scotland,Retail,Cancelled,1,27.73,12.89,0
10064,2024-05-10,P001,Laptop,Electronics,South,Retail,Completed,4,920.0,634.47,0.15
10526,2024-05-11,P001,Laptop,Electronics,South,Online,Cancelled,4,917.76,628.88,0
10199,2024-05-12,P007,Headset,Accessories,Scotland,Online,Completed,1,70.66,35.94,0
10419,2024-05-12,P002,Monitor,Electronics,South,Online,Completed,4,282.4,169.07,0
10022,2024-05-15,P008,Webcam,Electronics,Scotland,Retail,Completed,2,86.93,42.07,0
10034,2024-05-15,P006,Chair,Furniture,Scotland,Online,Completed,1,138.83,69.03,0.05
10731,2024-05-15,P008,Webcam,Electronics,Midlands,Retail,Completed,3,87.51,41.21,0
10702,2024-05-16,P002,Monitor,Electronics,Scotland,Online,Completed,4,276.58,168.13,0
10182,2024-05-18,P002,Monitor,Electronics,North,Online,Completed,4,282.75,169.24,0
10245,2024-05-18,P007,Headset,Accessories,Wales,Online,Completed,3,70.24,35.99,0.05
10398,2024-05-18,P001,Laptop,Electronics,North,Retail,Completed,2,894.53,609.17,0
10551,2024-05-19,P005,Desk,Furniture,South,Retail,Completed,1,278.74,153.36,0.15
10769,2024-05-19,P008,Webcam,Electronics,South,Retail,Completed,3,88.37,41.4,0
10174,2024-05-20,P001,Laptop,Electronics,Wales,Online,Completed,3,922.61,626.68,0.15
10214,2024-05-20,P006,Chair,Furniture,South,Online,Cancelled,4,134.05,68.72,0
10226,2024-05-20,P002,Monitor,Electronics,Midlands,Retail,Cancelled,2,289.18,167.05,0
10170,2024-05-21,P005,Desk,Furniture,South,Partner,Cancelled,1,280.44,155.9,0
10602,2024-05-21,P004,Mouse,Accessories,Midlands,Retail,Cancelled,2,27.0,13.33,0
10721,2024-05-21,P007,Headset,Accessories,Scotland,Online,Completed,2,73.03,35.81,0.15
10327,2024-05-23,P004,Mouse,Accessories,South,Online,Cancelled,3,27.55,12.93,0.1
10408,2024-05-23,P001,Laptop,Electronics,Wales,Online,Completed,4,917.4,608.69,0.05
10303,2024-05-24,P007,Headset,Accessories,South,Retail,Completed,4,72.29,35.24,0
10666,2024-05-25,P005,Desk,Furniture,South,Online,Cancelled,4,271.47,156.79,0
10901,2024-05-25,P006,Chair,Furniture,Scotland,Online,Completed,2,135.22,66.64,0.1
10143,2024-05-26,P007,Headset,Accessories,North,Retail,Completed,1,73.6,34.68,0
10662,2024-05-27,P008,Webcam,Electronics,Wales,Online,Completed,4,91.35,42.97,0.15
10757,2024-05-27,P001,Laptop,Electronics,South,Online,Completed,2,914.32,635.83,0.05
10869,2024-05-29,P001,Laptop,Electronics,North,Online,Completed,1,896.36,631.13,0.05
10134,2024-05-31,P002,Monitor,Electronics,Midlands,Retail,Cancelled,2,282.94,175.05,0.15
10586,2024-05-31,P003,Keyboard,Accessories,North,Retail,Completed,3,48.9,25.59,0.1
10744,2024-05-31,P007,Headset,Accessories,Midlands,Online,Completed,3,71.39,35.08,0
10829,2024-05-31,P002,Monitor,Electronics,North,Partner,Completed,3,291.41,173.59,0
10268,2024-06-01,P004,Mouse,Accessories,South,Online,Completed,2,27.69,12.79,0
10707,2024-06-01,P008,Webcam,Electronics,North,Retail,Completed,4,90.35,41.76,0
10618,2024-06-02,P003,Keyboard,Accessories,North,Retail,Completed,2,48.59,26.48,0
10004,2024-06-08,P004,Mouse,Accessories,North,Online,Completed,3,27.33,13.26,0
10145,2024-06-08,P003,Keyboard,Accessories,South,Online,Completed,1,49.61,26.02,0.05
10861,2024-06-11,P003,Keyboard,Accessories,Scotland,Online,Completed,1,48.31,26.21,0.1
10364,2024-06-12,P002,Monitor,Electronics,South,Online,Completed,2,287.94,174.95,0
10379,2024-06-13,P002,Monitor,Electronics,Midlands,Partner,Completed,1,277.07,174.61,0.15
10215,2024-06-15,P007,Headset,Accessories,South,Online,Cancelled,3,72.31,35.29,0.1
10533,2024-06-16,P001,Laptop,Electronics,Scotland,Online,Completed,2,940.35,615.65,0.05
10754,2024-06-16,P001,Laptop,Electronics,Midlands,Retail,Completed,3,911.07,624.02,0
10119,2024-06-17,P005,Desk,Furniture,Wales,Online,Completed,4,275.77,152.48,0
10380,2024-06-17,P007,Headset,Accessories,North,Online,Completed,2,73.35,35.56,0.05
10826,2024-06-17,P006,Chair,Furniture,Scotland,Online,Completed,4,132.74,66.83,0
10496,2024-06-19,P005,Desk,Furniture,South,Online,Cancelled,2,267.11,157.48,0.15
10282,2024-06-20,P007,Headset,Accessories,Midlands,Online,Completed,3,71.11,34.73,0
10468,2024-06-20,P001,Laptop,Electronics,North,Retail,Completed,1,919.72,610.82,0.15
10312,2024-06-21,P006,Chair,Furniture,Midlands,Online,Cancelled,3,138.65,67.1,0.15
10422,2024-06-22,P002,Monitor,Electronics,South,Retail,Completed,3,281.55,171.15,0.15
10590,2024-06-22,P006,Chair,Furniture,South,Online,Completed,4,137.43,67.17,0
10896,2024-06-22,P001,Laptop,Electronics,North,Retail,Completed,3,898.76,612.02,0.05
10383,2024-06-23,P005,Desk,Furniture,South,Online,Completed,1,276.17,157.02,0.05
10650,2024-06-23,P005,Desk,Furniture,South,Online,Completed,3,282.49,158.07,0.05
10087,2024-06-26,P002,Monitor,Electronics,North,Online,Cancelled,2,282.26,168.57,0.05
10154,2024-06-26,P003,Keyboard,Accessories,North,Retail,Completed,1,50.12,26.47,0.05
10430,2024-06-27,P001,Laptop,Electronics,Midlands,Retail,Completed,3,899.86,633.99,0.15
10527,2024-06-27,P008,Webcam,Electronics,South,Online,Completed,1,90.53,41.96,0
10936,2024-06-27,P006,Chair,Furniture,North,Online,Completed,2,131.15,68.94,0
10372,2024-06-28,P007,Headset,Accessories,South,Online,Completed,3,69.85,35.53,0.15
10453,2024-07-01,P006,Chair,Furniture,Scotland,Retail,Cancelled,1,139.86,69.05,0.1
10947,2024-07-02,P008,Webcam,Electronics,Midlands,Online,Completed,2,91.58,42.24,0
10415,2024-07-03,P002,Monitor,Electronics,Midlands,Partner,Completed,4,277.61,170.44,0.15
10065,2024-07-05,P001,Laptop,Electronics,Midlands,Online,Completed,3,941.42,619.35,0
10827,2024-07-06,P001,Laptop,Electronics,Midlands,Retail,Completed,4,956.49,636.34,0
10264,2024-07-07,P001,Laptop,Electronics,Scotland,Online,Completed,1,918.96,633.72,0
10463,2024-07-07,P002,Monitor,Electronics,Midlands,Online,Completed,2,280.86,168.41,0
10080,2024-07-08,P004,Mouse,Accessories,South,Online,Cancelled,2,27.32,13.38,0.1
10233,2024-07-09,P001,Laptop,Electronics,Scotland,Retail,Completed,3,931.75,627.4,0
10158,2024-07-11,P006,Chair,Furniture,South,Partner,Completed,4,138.61,69.49,0
10127,2024-07-13,P002,Monitor,Electronics,North,Online,Cancelled,4,277.46,169.43,0
10208,2024-07-13,P003,Keyboard,Accessories,Wales,Online,Completed,4,47.61,26.71,0.05
10573,2024-07-13,P004,Mouse,Accessories,South,Partner,Cancelled,2,27.24,13.22,0.15
10447,2024-07-14,P006,Chair,Furniture,Scotland,Online,Cancelled,1,138.25,68.17,0
10681,2024-07-16,P001,Laptop,Electronics,South,Online,Cancelled,1,949.97,614.32,0.15
10153,2024-07-17,P006,Chair,Furniture,South,Retail,Completed,3,131.92,67.51,0
10713,2024-07-17,P006,Chair,Furniture,North,Online,Cancelled,3,133.6,67.02,0
10262,2024-07-19,P006,Chair,Furniture,Midlands,Retail,Completed,2,137.14,68.97,0.1
10949,2024-07-20,P006,Chair,Furniture,Midlands,Retail,Completed,3,137.62,70.03,0
10089,2024-07-21,P007,Headset,Accessories,South,Retail,Completed,1,70.2,34.59,0
10193,2024-07-23,P002,Monitor,Electronics,Scotland,Online,Completed,2,292.62,174.82,0
10455,2024-07-23,P005,Desk,Furniture,Wales,Retail,Completed,2,280.04,154.19,0
10866,2024-07-25,P008,Webcam,Electronics,Scotland,Online,Completed,4,88.12,41.52,0
10320,2024-07-26,P003,Keyboard,Accessories,North,Partner,Completed,3,49.78,25.81,0
10458,2024-07-26,P008,Webcam,Electronics,Wales,Retail,Completed,2,89.74,42.43,0.1
10944,2024-07-26,P008,Webcam,Electronics,Midlands,Online,Completed,2,87.31,42.93,0.1
10097,2024-07-27,P005,Desk,Furniture,Wales,Online,Completed,2,267.31,156.78,0
10657,2024-07-29,P006,Chair,Furniture,South,Partner,Completed,3,137.73,69.75,0.05
10352,2024-07-31,P008,Webcam,Electronics,South,Partner,Completed,3,91.36,41.8,0
10416,2024-08-02,P003,Keyboard,Accessories,South,Retail,Completed,2,49.64,26.3,0
10493,2024-08-04,P003,Keyboard,Accessories,North,Retail,Completed,2,48.32,26.53,0.15
10485,2024-08-05,P001,Laptop,Electronics,South,Partner,Completed,3,942.32,618.94,0.15
10146,2024-08-08,P002,Monitor,Electronics,Midlands,Online,Cancelled,3,286.96,169.22,0.05
10326,2024-08-10,P002,Monitor,Electronics,North,Online,Completed,1,295.67,169.27,0
10363,2024-08-12,P001,Laptop,Electronics,North,Partner,Cancelled,3,941.78,638.59,0
10147,2024-08-13,P007,Headset,Accessories,North,Online,Completed,1,73.69,34.81,0
10402,2024-08-14,P004,Mouse,Accessories,Midlands,Online,Completed,2,26.21,13.33,0.15
10356,2024-08-15,P003,Keyboard,Accessories,Scotland,Online,Completed,2,49.54,26.67,0.1
10742,2024-08-15,P005,Desk,Furniture,North,Online,Completed,2,279.68,152.58,0.15
10486,2024-08-16,P005,Desk,Furniture,South,Online,Completed,2,276.42,157.04,0
10750,2024-08-17,P001,Laptop,Electronics,North,Online,Completed,1,934.51,635.27,0
10200,2024-08-18,P006,Chair,Furniture,Scotland,Online,Cancelled,3,132.13,67.67,0
10044,2024-08-21,P004,Mouse,Accessories,South,Online,Completed,1,28.02,12.92,0
10021,2024-08-22,P002,Monitor,Electronics,Scotland,Online,Completed,1,289.8,168.42,0
10265,2024-08-24,P002,Monitor,Electronics,North,Online,Completed,2,288.78,172.27,0
10629,2024-08-26,P005,Desk,Furniture,North,Online,Completed,2,283.08,158.1,0.15
10251,2024-08-27,P006,Chair,Furniture,North,Partner,Cancelled,3,134.86,67.58,0
10053,2024-08-28,P005,Desk,Furniture,Scotland,Online,Completed,2,285.69,156.64,0
10807,2024-08-29,P005,Desk,Furniture,Scotland,Online,Completed,2,272.86,158.19,0.15
10921,2024-08-30,P002,Monitor,Electronics,Scotland,Retail,Cancelled,4,278.16,167.12,0
10457,2024-08-31,P005,Desk,Furniture,Wales,Online,Completed,1,267.79,157.66,0.1
10933,2024-09-01,P008,Webcam,Electronics,Scotland,Online,Completed,3,91.48,41.17,0
10077,2024-09-03,P008,Webcam,Electronics,Midlands,Online,Completed,4,88.85,41.67,0
10178,2024-09-03,P007,Headset,Accessories,South,Online,Completed,2,74.65,35.25,0
10400,2024-09-04,P006,Chair,Furniture,South,Online,Completed,4,136.16,67.81,0.1
10523,2024-09-04,P005,Desk,Furniture,North,Retail,Cancelled,2,269.75,152.73,0
10679,2024-09-04,P004,Mouse,Accessories,South,Partner,Completed,3,26.21,12.75,0.1
10055,2024-09-06,P003,Keyboard,Accessories,Wales,Partner,Completed,1,48.28,26.53,0.05
10495,2024-09-06,P001,Laptop,Electronics,South,Online,Cancelled,2,949.77,612.15,0
10345,2024-09-08,P003,Keyboard,Accessories,Wales,Online,Cancelled,1,49.71,26.38,0
10797,2024-09-08,P005,Desk,Furniture,South,Partner,Completed,4,284.18,153.47,0.15
10031,2024-09-09,P001,Laptop,Electronics,Midlands,Retail,Cancelled,1,952.6,613.93,0
10804,2024-09-09,P005,Desk,Furniture,Midlands,Retail,Completed,2,279.17,158.92,0
10248,2024-09-10,P008,Webcam,Electronics,North,Online,Completed,3,91.37,42.04,0
10785,2024-09-10,P004,Mouse,Accessories,South,Partner,Completed,3,26.41,12.85,0
10556,2024-09-11,P007,Headset,Accessories,Midlands,Partner,Completed,4,73.55,34.46,0.05
10580,2024-09-12,P004,Mouse,Accessories,Scotland,Online,Completed,3,27.92,13.22,0.1
10424,2024-09-15,P008,Webcam,Electronics,North,Retail,Completed,2,88.95,41.37,0
10508,2024-09-16,P005,Desk,Furniture,Scotland,Online,Completed,3,269.04,153.68,0.15
10631,2024-09-17,P002,Monitor,Electronics,Midlands,Online,Completed,3,290.13,169.5,0
10945,2024-09-17,P002,Monitor,Electronics,Scotland,Online,Cancelled,2,281.04,166.95,0
10255,2024-09-18,P004,Mouse,Accessories,South,Partner,Completed,3,27.2,13.28,0
10263,2024-09-20,P008,Webcam,Electronics,South,Retail,Completed,4,87.2,42.31,0
10236,2024-09-24,P006,Chair,Furniture,North,Online,Completed,2,134.78,68.35,0
10385,2024-09-26,P004,Mouse,Accessories,South,Online,Completed,3,27.45,13.27,0
10521,2024-09-26,P004,Mouse,Accessories,North,Retail,Completed,3,27.24,12.86,0
10867,2024-09-29,P006,Chair,Furniture,Midlands,Retail,Completed,4,134.94,67.42,0.1
10008,2024-09-30,P002,Monitor,Electronics,South,Online,Completed,2,281.84,174.47,0.05
10606,2024-09-30,P004,Mouse,Accessories,North,Online,Completed,2,27.66,12.83,0.15
10308,2024-10-01,P006,Chair,Furniture,Scotland,Online,Completed,1,131.92,69.46,0.05
10531,2024-10-03,P004,Mouse,Accessories,Scotland,Online,Completed,4,27.71,12.85,0.05
10704,2024-10-04,P008,Webcam,Electronics,North,Online,Completed,4,87.45,42.21,0.1
10637,2024-10-05,P007,Headset,Accessories,South,Online,Completed,1,70.93,34.83,0
10748,2024-10-06,P007,Headset,Accessories,South,Retail,Completed,2,70.78,34.97,0
10798,2024-10-06,P003,Keyboard,Accessories,Midlands,Retail,Cancelled,1,49.74,25.53,0
10701,2024-10-07,P003,Keyboard,Accessories,North,Online,Completed,4,48.37,26.24,0.05
10115,2024-10-08,P001,Laptop,Electronics,Wales,Retail,Completed,1,931.49,618.52,0
10671,2024-10-08,P005,Desk,Furniture,Scotland,Retail,Cancelled,1,269.66,155.36,0.15
10093,2024-10-11,P003,Keyboard,Accessories,South,Online,Completed,4,48.72,25.91,0.05
10222,2024-10-12,P005,Desk,Furniture,Wales,Partner,Completed,2,270.74,157.36,0.15
10716,2024-10-12,P001,Laptop,Electronics,South,Online,Completed,4,929.72,635.25,0.05
10343,2024-10-16,P005,Desk,Furniture,North,Online,Completed,3,272.36,157.98,0
10318,2024-10-17,P006,Chair,Furniture,South,Online,Completed,2,138.15,66.8,0.15
10770,2024-10-17,P008,Webcam,Electronics,South,Retail,Completed,3,88.87,43.23,0.1
10735,2024-10-19,P003,Keyboard,Accessories,Scotland,Retail,Completed,2,48.35,25.53,0
10856,2024-10-21,P004,Mouse,Accessories,Midlands,Online,Completed,4,27.91,12.96,0.1
10929,2024-10-25,P006,Chair,Furniture,South,Retail,Completed,1,133.19,69.43,0
10865,2024-10-26,P008,Webcam,Electronics,South,Online,Completed,4,91.43,41.42,0
10014,2024-10-27,P007,Headset,Accessories,Midlands,Partner,Completed,2,73.68,35.19,0.1
10451,2024-10-28,P008,Webcam,Electronics,North,Retail,Cancelled,2,91.58,42.31,0
10940,2024-10-28,P003,Keyboard,Accessories,Midlands,Retail,Completed,3,50.45,26.74,0
10565,2024-10-29,P005,Desk,Furniture,Midlands,Retail,Cancelled,3,280.87,158.74,0.05
10790,2024-10-31,P007,Headset,Accessories,South,Partner,Cancelled,2,72.82,34.78,0
10406,2024-11-01,P002,Monitor,Electronics,North,Partner,Completed,4,281.66,172.64,0
10795,2024-11-03,P007,Headset,Accessories,Midlands,Retail,Completed,4,70.87,35.02,0.15
10904,2024-11-03,P002,Monitor,Electronics,South,Retail,Cancelled,4,293.97,168.39,0
10923,2024-11-04,P007,Headset,Accessories,North,Online,Completed,1,74.12,35.0,0
10395,2024-11-06,P005,Desk,Furniture,Scotland,Partner,Completed,3,269.34,159.45,0
10546,2024-11-06,P001,Laptop,Electronics,South,Retail,Completed,1,910.87,624.19,0
10911,2024-11-06,P004,Mouse,Accessories,Wales,Partner,Completed,2,27.12,13.2,0
10613,2024-11-07,P005,Desk,Furniture,North,Online,Completed,4,276.7,153.0,0.15
10086,2024-11-08,P001,Laptop,Electronics,Wales,Online,Completed,1,934.93,612.47,0
10584,2024-11-08,P001,Laptop,Electronics,South,Online,Cancelled,3,906.62,609.17,0.15
10886,2024-11-08,P005,Desk,Furniture,North,Retail,Completed,2,277.29,152.42,0
10079,2024-11-09,P005,Desk,Furniture,North,Online,Completed,2,277.07,157.81,0.15
10090,2024-11-10,P005,Desk,Furniture,North,Retail,Completed,4,276.38,155.73,0
10412,2024-11-10,P007,Headset,Accessories,Midlands,Retail,Completed,3,72.21,35.82,0
10040,2024-11-11,P006,Chair,Furniture,Wales,Online,Completed,1,131.92,69.29,0.15
10333,2024-11-13,P002,Monitor,Electronics,Wales,Online,Completed,2,288.15,173.09,0.05
10545,2024-11-13,P006,Chair,Furniture,South,Retail,Completed,4,134.41,67.52,0
10641,2024-11-14,P001,Laptop,Electronics,Midlands,Partner,Completed,1,941.74,630.71,0.1
10140,2024-11-15,P006,Chair,Furniture,South,Online,Completed,1,138.96,67.83,0
10781,2024-11-15,P007,Headset,Accessories,Scotland,Retail,Completed,4,72.63,35.24,0.15
10928,2024-11-15,P007,Headset,Accessories,Midlands,Partner,Completed,3,72.21,35.36,0
10137,2024-11-16,P007,Headset,Accessories,South,Online,Completed,3,74.49,34.42,0.15
10150,2024-11-16,P007,Headset,Accessories,South,Online,Completed,4,69.95,34.87,0.05
10029,2024-11-17,P001,Laptop,Electronics,South,Online,Cancelled,1,896.06,623.34,0
10191,2024-11-17,P005,Desk,Furniture,Wales,Online,Completed,2,276.72,158.98,0.05
10452,2024-11-17,P004,Mouse,Accessories,North,Retail,Completed,2,26.44,13.2,0.15
10522,2024-11-17,P006,Chair,Furniture,Wales,Online,Completed,2,137.92,67.44,0.05
10525,2024-11-18,P008,Webcam,Electronics,South,Partner,Cancelled,3,88.81,42.74,0
10481,2024-11-19,P007,Headset,Accessories,North,Online,Completed,2,73.57,35.06,0.15
10223,2024-11-20,P008,Webcam,Electronics,South,Partner,Completed,3,87.09,42.58,0
10736,2024-11-20,P003,Keyboard,Accessories,Midlands,Online,Cancelled,4,47.65,25.89,0.15
10660,2024-11-21,P007,Headset,Accessories,Midlands,Online,Completed,4,70.54,35.27,0.05
10253,2024-11-22,P007,Headset,Accessories,North,Online,Cancelled,4,71.05,34.69,0.05
10194,2024-11-23,P006,Chair,Furniture,South,Online,Completed,1,137.68,69.79,0
10341,2024-11-25,P004,Mouse,Accessories,Wales,Online,Completed,4,26.89,13.07,0.1
10418,2024-11-25,P004,Mouse,Accessories,South,Retail,Completed,1,27.5,12.96,0
10564,2024-11-27,P008,Webcam,Electronics,Scotland,Retail,Cancelled,3,86.76,41.49,0
10615,2024-11-27,P008,Webcam,Electronics,North,Retail,Completed,1,86.89,41.84,0.05
10651,2024-11-29,P002,Monitor,Electronics,South,Online,Completed,3,288.84,171.26,0
10654,2024-11-29,P002,Monitor,Electronics,North,Partner,Completed,4,278.62,173.52,0.1
10889,2024-11-29,P002,Monitor,Electronics,Midlands,Partner,Completed,4,277.36,172.3,0.1
10689,2024-12-03,P007,Headset,Accessories,South,Partner,Completed,1,72.04,35.78,0.05
10919,2024-12-03,P005,Desk,Furniture,South,Online,Completed,1,282.31,156.49,0.05
10461,2024-12-04,P008,Webcam,Electronics,North,Partner,Cancelled,2,91.15,42.47,0
10479,2024-12-04,P006,Chair,Furniture,South,Online,Completed,2,131.61,67.3,0.1
10358,2024-12-05,P002,Monitor,Electronics,Wales,Online,Cancelled,1,292.84,169.96,0.05
10464,2024-12-05,P006,Chair,Furniture,Midlands,Partner,Cancelled,3,135.44,68.55,0.1
10635,2024-12-05,P006,Chair,Furniture,Wales,Online,Completed,1,140.25,68.77,0
10809,2024-12-06,P007,Headset,Accessories,Scotland,Retail,Cancelled,1,71.61,35.35,0
10598,2024-12-07,P008,Webcam,Electronics,Scotland,Online,Completed,4,90.23,41.66,0
10918,2024-12-08,P002,Monitor,Electronics,Wales,Online,Completed,1,294.74,168.27,0
10678,2024-12-09,P005,Desk,Furniture,Scotland,Online,Cancelled,3,275.63,157.13,0.05
10202,2024-12-11,P001,Laptop,Electronics,North,Partner,Cancelled,1,934.33,631.38,0
10107,2024-12-12,P007,Headset,Accessories,Scotland,Partner,Cancelled,1,74.65,35.4,0.05
10185,2024-12-13,P003,Keyboard,Accessories,South,Online,Cancelled,4,50.28,26.43,0
10600,2024-12-15,P007,Headset,Accessories,North,Online,Cancelled,2,73.3,35.03,0.15
10906,2024-12-15,P004,Mouse,Accessories,Wales,Online,Completed,4,27.93,13.14,0.15
10323,2024-12-17,P002,Monitor,Electronics,South,Online,Completed,4,278.23,173.45,0.05
10737,2024-12-18,P003,Keyboard,Accessories,Midlands,Partner,Cancelled,3,47.95,25.51,0
10225,2024-12-20,P008,Webcam,Electronics,Scotland,Online,Cancelled,3,92.14,42.62,0
10295,2024-12-22,P005,Desk,Furniture,Midlands,Online,Completed,3,275.92,155.3,0
10644,2024-12-24,P006,Chair,Furniture,North,Retail,Completed,3,133.26,66.88,0.1
10783,2024-12-27,P005,Desk,Furniture,North,Retail,Completed,3,273.47,157.65,0
10280,2024-12-28,P002,Monitor,Electronics,Scotland,Online,Completed,3,291.99,172.76,0.05
10768,2024-12-29,P007,Headset,Accessories,North,Online,Completed,4,70.46,34.49,0
10927,2024-12-29,P007,Headset,Accessories,South,Online,Completed,4,73.86,34.41,0
10110,2025-01-02,P006,Chair,Furniture,North,Online,Cancelled,4,138.44,67.22,0.15
10691,2025-01-02,P006,Chair,Furniture,Midlands,Retail,Completed,3,136.0,69.91,0
10534,2025-01-03,P005,Desk,Furniture,North,Online,Cancelled,3,277.85,156.94,0
10196,2025-01-04,P006,Chair,Furniture,Scotland,Retail,Cancelled,4,131.57,67.99,0
10330,2025-01-04,P006,Chair,Furniture,Midlands,Retail,Completed,2,136.11,67.23,0
10399,2025-01-04,P004,Mouse,Accessories,Midlands,Online,Completed,3,27.93,13.18,0.15
10760,2025-01-06,P003,Keyboard,Accessories,Wales,Retail,Completed,4,49.96,25.52,0
10665,2025-01-10,P001,Laptop,Electronics,South,Retail,Completed,1,923.41,629.01,0.1
10122,2025-01-15,P002,Monitor,Electronics,South,Retail,Cancelled,2,294.71,168.48,0
10321,2025-01-15,P003,Keyboard,Accessories,Midlands,Online,Completed,1,49.78,26.39,0.05
10734,2025-01-15,P005,Desk,Furniture,North,Online,Completed,1,284.54,157.42,0.1
10160,2025-01-16,P005,Desk,Furniture,Midlands,Online,Cancelled,4,281.94,156.92,0
10727,2025-01-16,P006,Chair,Furniture,South,Online,Completed,4,137.66,68.95,0.05
10876,2025-01-16,P005,Desk,Furniture,North,Retail,Completed,3,272.49,157.61,0.05
10213,2025-01-17,P006,Chair,Furniture,Scotland,Online,Cancelled,3,135.68,66.79,0.05
10548,2025-01-17,P004,Mouse,Accessories,Wales,Online,Completed,4,27.54,13.16,0
10885,2025-01-18,P005,Desk,Furniture,South,Retail,Completed,3,274.87,159.16,0.1
10939,2025-01-18,P006,Chair,Furniture,Wales,Online,Completed,4,136.5,69.55,0.1
10070,2025-01-19,P007,Headset,Accessories,North,Retail,Completed,2,73.35,34.83,0
10577,2025-01-19,P005,Desk,Furniture,Wales,Online,Completed,3,280.73,159.52,0
10909,2025-01-20,P006,Chair,Furniture,North,Retail,Completed,4,135.32,69.82,0
10103,2025-01-21,P008,Webcam,Electronics,Scotland,Partner,Completed,3,88.72,42.96,0.1
10289,2025-01-21,P002,Monitor,Electronics,Wales,Online,Completed,4,286.56,174.42,0.1
10224,2025-01-23,P007,Headset,Accessories,Wales,Retail,Completed,3,71.29,35.55,0
10937,2025-01-23,P002,Monitor,Electronics,Wales,Online,Completed,3,292.6,172.22,0
10277,2025-01-24,P002,Monitor,Electronics,Scotland,Retail,Completed,3,279.53,172.65,0
10903,2025-01-24,P006,Chair,Furniture,South,Online,Completed,2,137.94,68.55,0
10043,2025-01-26,P001,Laptop,Electronics,North,Retail,Completed,4,912.05,632.26,0
10340,2025-01-27,P003,Keyboard,Accessories,Wales,Partner,Cancelled,2,50.07,26.03,0.15
10173,2025-01-30,P002,Monitor,Electronics,North,Online,Completed,3,289.42,173.33,0.15
10212,2025-01-30,P008,Webcam,Electronics,Scotland,Retail,Cancelled,3,87.13,41.36,0
10365,2025-02-01,P006,Chair,Furniture,North,Retail,Completed,2,131.22,69.02,0.1
10836,2025-02-01,P007,Headset,Accessories,South,Partner,Completed,3,71.34,35.7,0
10838,2025-02-01,P008,Webcam,Electronics,South,Online,Completed,3,90.15,42.07,0
10693,2025-02-03,P002,Monitor,Electronics,South,Partner,Completed,3,280.23,166.9,0.15
10474,2025-02-04,P005,Desk,Furniture,Midlands,Partner,Completed,2,277.41,156.2,0
10163,2025-02-05,P003,Keyboard,Accessories,Midlands,Online,Completed,1,49.83,26.56,0
10646,2025-02-05,P003,Keyboard,Accessories,South,Online,Completed,4,50.13,26.53,0.15
10852,2025-02-05,P001,Laptop,Electronics,North,Retail,Completed,3,947.05,630.45,0.05
10349,2025-02-07,P002,Monitor,Electronics,Midlands,Partner,Completed,1,281.66,169.28,0
10515,2025-02-08,P007,Headset,Accessories,South,Retail,Completed,2,72.61,35.57,0
10848,2025-02-08,P005,Desk,Furniture,North,Online,Completed,1,280.15,153.36,0
10152,2025-02-09,P005,Desk,Furniture,North,Retail,Completed,3,278.94,156.01,0.1
10394,2025-02-09,P006,Chair,Furniture,North,Online,Completed,2,131.14,69.42,0
10541,2025-02-10,P002,Monitor,Electronics,Midlands,Online,Completed,1,281.03,172.87,0
10183,2025-02-11,P008,Webcam,Electronics,North,Retail,Completed,3,91.7,41.26,0
10332,2025-02-11,P005,Desk,Furniture,Midlands,Online,Cancelled,4,278.61,154.05,0.1
10530,2025-02-14,P005,Desk,Furniture,North,Online,Cancelled,4,271.15,152.67,0.15
10417,2025-02-17,P007,Headset,Accessories,Midlands,Online,Completed,4,71.72,34.32,0.15
10872,2025-02-17,P008,Webcam,Electronics,Wales,Retail,Cancelled,2,89.08,41.89,0.15
10471,2025-02-18,P007,Headset,Accessories,North,Retail,Cancelled,3,73.07,35.38,0
10204,2025-02-19,P005,Desk,Furniture,North,Online,Completed,4,276.07,153.48,0.05
10234,2025-02-19,P007,Headset,Accessories,North,Retail,Completed,3,72.25,35.94,0
10269,2025-02-19,P008,Webcam,Electronics,Wales,Online,Completed,2,92.51,42.52,0.15
10397,2025-02-20,P008,Webcam,Electronics,Scotland,Online,Completed,3,88.27,42.22,0
10800,2025-02-20,P006,Chair,Furniture,Midlands,Retail,Completed,1,132.01,69.14,0
10899,2025-02-20,P002,Monitor,Electronics,North,Retail,Completed,4,287.5,171.58,0
10608,2025-02-22,P001,Laptop,Electronics,Wales,Online,Completed,3,896.66,636.34,0
10803,2025-02-22,P005,Desk,Furniture,South,Online,Completed,1,277.26,155.58,0
10427,2025-02-23,P005,Desk,Furniture,North,Online,Completed,2,284.71,154.46,0.15
10104,2025-02-24,P001,Laptop,Electronics,Scotland,Retail,Completed,3,956.05,632.16,0.05
10436,2025-02-25,P008,Webcam,Electronics,North,Retail,Completed,1,91.74,42.26,0.15
10227,2025-02-27,P006,Chair,Furniture,North,Retail,Completed,4,140.19,67.18,0.1
10386,2025-02-27,P004,Mouse,Accessories,Scotland,Retail,Completed,1,27.49,13.35,0.1
10539,2025-02-27,P003,Keyboard,Accessories,Scotland,Online,Completed,2,48.39,26.45,0.15
10315,2025-02-28,P007,Headset,Accessories,North,Retail,Completed,4,72.44,34.79,0.05
10630,2025-02-28,P007,Headset,Accessories,Midlands,Retail,Completed,1,73.07,35.51,0
10118,2025-03-01,P003,Keyboard,Accessories,North,Online,Completed,2,49.25,25.83,0.1
10203,2025-03-02,P001,Laptop,Electronics,Wales,Online,Completed,4,908.17,632.63,0.05
10751,2025-03-03,P003,Keyboard,Accessories,Wales,Retail,Completed,4,50.15,26.12,0
10144,2025-03-05,P008,Webcam,Electronics,North,Online,Completed,3,90.04,43.02,0.1
10347,2025-03-05,P008,Webcam,Electronics,Wales,Online,Completed,1,86.6,41.65,0
10361,2025-03-05,P004,Mouse,Accessories,South,Retail,Completed,2,27.67,12.97,0.05
10061,2025-03-06,P007,Headset,Accessories,Scotland,Retail,Completed,1,69.87,34.92,0.05
10023,2025-03-09,P007,Headset,Accessories,Scotland,Online,Completed,4,71.87,34.89,0
10389,2025-03-09,P002,Monitor,Electronics,North,Retail,Completed,4,281.59,174.34,0.1
10404,2025-03-09,P007,Headset,Accessories,Midlands,Online,Completed,3,72.46,35.39,0.15
10821,2025-03-09,P005,Desk,Furniture,North,Online,Completed,1,275.82,154.65,0
10839,2025-03-12,P002,Monitor,Electronics,South,Partner,Completed,1,290.14,167.92,0.15
10771,2025-03-14,P004,Mouse,Accessories,Wales,Retail,Completed,1,26.21,13.18,0
10925,2025-03-14,P002,Monitor,Electronics,South,Retail,Completed,3,286.77,171.6,0.05
10818,2025-03-17,P004,Mouse,Accessories,Wales,Online,Completed,2,26.53,13.26,0.05
10188,2025-03-21,P005,Desk,Furniture,North,Retail,Completed,1,282.17,157.17,0.1
10708,2025-03-21,P005,Desk,Furniture,South,Partner,Completed,3,268.76,152.31,0
10789,2025-03-22,P004,Mouse,Accessories,South,Partner,Completed,4,26.59,12.91,0.1
10609,2025-03-25,P008,Webcam,Electronics,Scotland,Partner,Completed,3,91.17,42.44,0.05
10059,2025-03-26,P002,Monitor,Electronics,North,Online,Cancelled,3,279.21,168.57,0
10106,2025-03-26,P002,Monitor,Electronics,North,Online,Completed,4,285.82,174.84,0
10083,2025-03-27,P006,Chair,Furniture,Wales,Online,Completed,2,138.72,68.0,0
10169,2025-03-27,P008,Webcam,Electronics,Scotland,Online,Completed,3,91.42,42.84,0
10396,2025-03-29,P006,Chair,Furniture,South,Retail,Completed,3,135.12,69.75,0
10542,2025-03-29,P003,Keyboard,Accessories,South,Online,Completed,2,48.75,26.67,0.15
10780,2025-03-29,P008,Webcam,Electronics,North,Retail,Completed,1,87.35,42.06,0.15
10890,2025-03-29,P005,Desk,Furniture,Scotland,Retail,Cancelled,1,282.08,157.38,0.15
10126,2025-03-31,P004,Mouse,Accessories,North,Retail,Cancelled,3,26.87,13.0,0.15
10851,2025-03-31,P008,Webcam,Electronics,North,Online,Completed,4,88.17,42.9,0
10910,2025-03-31,P001,Laptop,Electronics,Scotland,Retail,Completed,2,898.19,626.62,0
10619,2025-04-01,P005,Desk,Furniture,North,Online,Completed,2,278.73,153.86,0
10688,2025-04-01,P001,Laptop,Electronics,North,Retail,Completed,4,917.55,612.3,0.15
10155,2025-04-04,P006,Chair,Furniture,North,Online,Completed,3,133.81,67.57,0.15
10198,2025-04-05,P008,Webcam,Electronics,North,Retail,Cancelled,3,89.99,42.77,0.15
10299,2025-04-05,P007,Headset,Accessories,North,Online,Completed,4,73.92,34.41,0.15
10695,2025-04-05,P001,Laptop,Electronics,Midlands,Online,Completed,1,900.01,632.62,0.05
10378,2025-04-07,P002,Monitor,Electronics,Midlands,Online,Completed,1,283.27,174.15,0
10621,2025-04-09,P007,Headset,Accessories,North,Retail,Completed,4,71.24,35.4,0.1
10877,2025-04-09,P006,Chair,Furniture,Scotland,Partner,Cancelled,2,139.4,68.77,0.15
10776,2025-04-10,P002,Monitor,Electronics,Midlands,Online,Completed,1,278.44,167.05,0
10443,2025-04-12,P006,Chair,Furniture,Scotland,Retail,Completed,3,136.24,68.75,0
10620,2025-04-14,P008,Webcam,Electronics,South,Online,Completed,4,87.68,42.54,0
10221,2025-04-15,P006,Chair,Furniture,South,Partner,Completed,3,135.53,69.89,0.1
10815,2025-04-18,P004,Mouse,Accessories,South,Online,Completed,3,27.0,12.91,0.1
10902,2025-04-20,P005,Desk,Furniture,North,Partner,Completed,2,278.26,158.41,0
10714,2025-04-21,P008,Webcam,Electronics,North,Online,Completed,4,87.31,42.83,0.1
10260,2025-04-22,P002,Monitor,Electronics,Scotland,Online,Completed,4,282.69,166.99,0
10013,2025-04-24,P005,Desk,Furniture,South,Online,Cancelled,1,281.55,154.54,0
10668,2025-04-25,P006,Chair,Furniture,Midlands,Partner,Completed,4,132.53,69.0,0
10782,2025-04-26,P008,Webcam,Electronics,South,Online,Completed,2,92.38,42.46,0.1
10220,2025-04-27,P001,Laptop,Electronics,South,Retail,Completed,2,916.67,637.26,0.1
10331,2025-04-27,P002,Monitor,Electronics,South,Online,Completed,1,294.86,174.66,0
10068,2025-04-29,P002,Monitor,Electronics,South,Online,Completed,2,288.54,174.79,0
10444,2025-04-29,P006,Chair,Furniture,North,Retail,Completed,4,134.18,69.46,0
10676,2025-04-30,P005,Desk,Furniture,South,Online,Completed,2,274.1,154.35,0.05
10216,2025-05-01,P001,Laptop,Electronics,Midlands,Online,Completed,3,912.21,635.46,0.1
10238,2025-05-04,P003,Keyboard,Accessories,Scotland,Retail,Completed,4,49.41,26.09,0.15
10218,2025-05-06,P003,Keyboard,Accessories,North,Retail,Completed,4,50.78,25.62,0.1
10720,2025-05-06,P005,Desk,Furniture,South,Partner,Cancelled,2,285.55,155.49,0
10438,2025-05-08,P006,Chair,Furniture,North,Retail,Cancelled,4,131.06,69.82,0
10633,2025-05-08,P003,Keyboard,Accessories,Wales,Online,Completed,4,50.22,26.02,0.05
10652,2025-05-08,P007,Headset,Accessories,Midlands,Retail,Cancelled,1,73.79,35.06,0.05
10100,2025-05-09,P008,Webcam,Electronics,Midlands,Online,Completed,2,89.5,43.01,0.1
10063,2025-05-12,P001,Laptop,Electronics,Midlands,Retail,Completed,4,903.03,622.09,0.15
10480,2025-05-12,P008,Webcam,Electronics,South,Online,Cancelled,3,89.85,41.93,0
10371,2025-05-13,P006,Chair,Furniture,South,Retail,Cancelled,2,133.06,68.64,0
10483,2025-05-13,P002,Monitor,Electronics,South,Online,Completed,2,294.23,168.27,0
10492,2025-05-13,P008,Webcam,Electronics,South,Online,Completed,1,86.81,42.51,0
10862,2025-05-13,P005,Desk,Furniture,Scotland,Retail,Cancelled,3,284.0,158.51,0
10016,2025-05-15,P001,Laptop,Electronics,Wales,Partner,Completed,1,896.13,634.82,0
10306,2025-05-18,P007,Headset,Accessories,South,Online,Completed,4,71.31,34.78,0
10860,2025-05-20,P005,Desk,Furniture,North,Online,Completed,2,283.71,154.67,0
10913,2025-05-20,P003,Keyboard,Accessories,South,Retail,Cancelled,2,48.13,26.24,0.1
10943,2025-05-21,P008,Webcam,Electronics,South,Retail,Cancelled,3,86.56,41.62,0.15
10840,2025-05-22,P002,Monitor,Electronics,South,Online,Completed,3,279.41,167.69,0
10374,2025-05-23,P003,Keyboard,Accessories,Scotland,Online,Completed,3,49.71,26.73,0
10730,2025-05-23,P003,Keyboard,Accessories,South,Retail,Completed,2,50.86,26.18,0.05
10554,2025-05-25,P006,Chair,Furniture,South,Online,Completed,4,131.48,69.28,0
10271,2025-05-26,P007,Headset,Accessories,South,Partner,Completed,3,74.47,34.7,0.1
10532,2025-05-26,P003,Keyboard,Accessories,Scotland,Online,Cancelled,3,47.69,25.61,0.1
10639,2025-05-27,P003,Keyboard,Accessories,Midlands,Online,Cancelled,2,50.19,25.67,0
10587,2025-05-28,P007,Headset,Accessories,Scotland,Online,Completed,2,71.83,35.3,0.05
10599,2025-05-28,P005,Desk,Furniture,South,Partner,Completed,1,285.02,153.65,0.1
10501,2025-05-30,P002,Monitor,Electronics,South,Online,Cancelled,1,292.96,174.22,0.1
10232,2025-05-31,P008,Webcam,Electronics,North,Online,Completed,3,89.19,41.7,0.15
10450,2025-05-31,P007,Headset,Accessories,Wales,Partner,Completed,4,71.85,34.9,0
10575,2025-05-31,P006,Chair,Furniture,South,Retail,Completed,2,136.15,70.03,0
10905,2025-05-31,P006,Chair,Furniture,South,Partner,Completed,3,133.27,69.98,0
10037,2025-06-01,P008,Webcam,Electronics,Wales,Retail,Completed,3,88.97,41.74,0.15
10209,2025-06-01,P008,Webcam,Electronics,North,Online,Completed,2,89.41,43.01,0
10439,2025-06-01,P008,Webcam,Electronics,Scotland,Online,Completed,4,87.83,43.2,0
10739,2025-06-03,P006,Chair,Furniture,South,Online,Cancelled,3,132.34,68.56,0.15
10449,2025-06-04,P003,Keyboard,Accessories,South,Online,Completed,2,49.59,26.63,0.15
10743,2025-06-08,P007,Headset,Accessories,South,Retail,Cancelled,2,74.42,34.93,0
10946,2025-06-08,P006,Chair,Furniture,Midlands,Online,Completed,4,133.95,67.94,0.05
10354,2025-06-09,P001,Laptop,Electronics,Midlands,Partner,Completed,3,947.44,624.83,0.05
10917,2025-06-13,P001,Laptop,Electronics,North,Partner,Cancelled,2,912.77,619.75,0.05
10425,2025-06-16,P005,Desk,Furniture,Midlands,Partner,Cancelled,2,278.64,154.09,0.15
10073,2025-06-18,P005,Desk,Furniture,South,Retail,Cancelled,4,272.95,153.8,0
10628,2025-06-22,P006,Chair,Furniture,South,Online,Completed,2,138.59,69.64,0.05
10883,2025-06-25,P002,Monitor,Electronics,Midlands,Online,Completed,2,283.82,174.69,0.1
10677,2025-06-26,P001,Laptop,Electronics,Wales,Retail,Completed,1,951.52,634.21,0.1
10057,2025-06-27,P006,Chair,Furniture,South,Retail,Cancelled,4,138.8,68.5,0.05
10135,2025-06-27,P005,Desk,Furniture,South,Online,Completed,4,279.28,157.86,0.15
10325,2025-06-27,P001,Laptop,Electronics,Midlands,Retail,Completed,2,932.08,621.31,0.05
10718,2025-06-27,P007,Headset,Accessories,Scotland,Retail,Completed,4,72.34,34.45,0.05
10824,2025-06-27,P007,Headset,Accessories,Midlands,Online,Completed,2,74.23,35.76,0.05
10728,2025-06-29,P005,Desk,Furniture,South,Retail,Completed,4,283.92,155.45,0
10201,2025-06-30,P002,Monitor,Electronics,South,Retail,Completed,2,288.91,174.27,0.15
10878,2025-06-30,P004,Mouse,Accessories,Midlands,Retail,Cancelled,3,26.45,12.99,0.15
10846,2025-07-01,P001,Laptop,Electronics,Midlands,Online,Completed,1,936.95,634.53,0.05
10267,2025-07-02,P005,Desk,Furniture,South,Retail,Completed,1,268.81,152.65,0
10121,2025-07-03,P002,Monitor,Electronics,Midlands,Retail,Completed,4,284.05,172.03,0.1
10239,2025-07-04,P004,Mouse,Accessories,South,Retail,Completed,2,27.03,13.2,0.1
10307,2025-07-04,P005,Desk,Furniture,Scotland,Retail,Completed,2,276.58,156.34,0.1
10469,2025-07-04,P007,Headset,Accessories,Scotland,Online,Completed,1,71.51,34.45,0.15
10709,2025-07-04,P003,Keyboard,Accessories,Scotland,Online,Completed,2,50.6,26.42,0
10535,2025-07-05,P003,Keyboard,Accessories,Midlands,Retail,Completed,3,49.06,25.58,0.15
10786,2025-07-05,P006,Chair,Furniture,South,Partner,Cancelled,1,139.47,67.55,0.1
10792,2025-07-06,P006,Chair,Furniture,Midlands,Online,Cancelled,2,137.3,68.5,0.05
10362,2025-07-11,P008,Webcam,Electronics,Wales,Online,Completed,3,87.45,41.83,0
10002,2025-07-12,P002,Monitor,Electronics,North,Online,Completed,4,288.46,171.37,0.1
10700,2025-07-12,P003,Keyboard,Accessories,Scotland,Retail,Completed,3,48.12,25.56,0.1
10377,2025-07-13,P007,Headset,Accessories,Scotland,Retail,Cancelled,1,73.66,34.69,0.15
10593,2025-07-13,P005,Desk,Furniture,South,Partner,Completed,4,277.97,157.04,0.05
10835,2025-07-14,P007,Headset,Accessories,Midlands,Online,Completed,1,69.94,34.66,0
10018,2025-07-16,P003,Keyboard,Accessories,South,Retail,Completed,3,50.12,26.38,0.1
10442,2025-07-16,P001,Laptop,Electronics,Scotland,Partner,Completed,1,928.61,627.89,0.1
10478,2025-07-16,P008,Webcam,Electronics,Midlands,Online,Completed,1,90.85,42.18,0
10095,2025-07-17,P001,Laptop,Electronics,North,Online,Completed,4,948.1,633.17,0.05
10355,2025-07-17,P004,Mouse,Accessories,South,Retail,Completed,1,26.21,13.28,0
10036,2025-07-20,P003,Keyboard,Accessories,Midlands,Online,Completed,3,49.89,26.59,0
10749,2025-07-21,P008,Webcam,Electronics,Scotland,Online,Cancelled,1,89.41,42.71,0
10141,2025-07-23,P006,Chair,Furniture,Scotland,Retail,Completed,1,140.16,69.42,0.1
10252,2025-07-24,P003,Keyboard,Accessories,South,Online,Completed,4,49.83,26.5,0.15
10562,2025-07-25,P006,Chair,Furniture,South,Online,Completed,4,137.8,67.49,0
10571,2025-07-25,P007,Headset,Accessories,Scotland,Online,Cancelled,3,72.51,35.59,0
10281,2025-07-26,P004,Mouse,Accessories,South,Online,Completed,2,26.7,12.83,0
10516,2025-07-26,P006,Chair,Furniture,Wales,Online,Cancelled,3,135.25,68.01,0
10930,2025-07-26,P001,Laptop,Electronics,Midlands,Partner,Completed,4,914.4,628.3,0
10011,2025-07-28,P005,Desk,Furniture,Wales,Online,Completed,4,276.56,152.6,0
10588,2025-07-28,P004,Mouse,Accessories,North,Retail,Completed,2,27.94,12.8,0.15
10745,2025-07-28,P002,Monitor,Electronics,South,Online,Completed,2,282.21,173.45,0.05
10891,2025-07-28,P002,Monitor,Electronics,North,Retail,Cancelled,1,295.55,171.03,0
10139,2025-07-29,P006,Chair,Furniture,Midlands,Partner,Completed,1,131.44,67.62,0.15
10206,2025-07-29,P002,Monitor,Electronics,Midlands,Online,Completed,3,279.26,167.03,0
10830,2025-07-30,P004,Mouse,Accessories,South,Retail,Completed,1,26.66,13.06,0
10274,2025-08-03,P007,Headset,Accessories,Midlands,Retail,Completed,3,73.6,34.91,0.1
10791,2025-08-03,P008,Webcam,Electronics,North,Retail,Completed,4,91.34,42.07,0.1
10388,2025-08-08,P003,Keyboard,Accessories,Wales,Online,Completed,1,50.3,25.64,0
10393,2025-08-08,P008,Webcam,Electronics,North,Online,Cancelled,1,90.57,42.0,0.1
10373,2025-08-09,P007,Headset,Accessories,North,Online,Cancelled,1,73.06,34.48,0
10387,2025-08-09,P004,Mouse,Accessories,Midlands,Online,Completed,4,27.27,13.08,0.1
10601,2025-08-09,P003,Keyboard,Accessories,Wales,Partner,Completed,4,49.39,25.75,0.05
10286,2025-08-12,P004,Mouse,Accessories,Midlands,Retail,Completed,3,26.41,13.11,0
10338,2025-08-13,P002,Monitor,Electronics,Midlands,Online,Completed,4,279.78,167.94,0.1
10623,2025-08-14,P005,Desk,Furniture,Wales,Online,Completed,3,269.86,154.1,0
10413,2025-08-20,P002,Monitor,Electronics,Wales,Online,Completed,4,282.4,167.06,0.1
10405,2025-08-21,P002,Monitor,Electronics,South,Retail,Completed,1,289.36,171.78,0.1
10370,2025-08-23,P002,Monitor,Electronics,Midlands,Online,Completed,3,295.38,173.33,0.15
10898,2025-08-23,P004,Mouse,Accessories,South,Online,Completed,4,26.3,13.04,0
10113,2025-08-24,P005,Desk,Furniture,South,Online,Completed,4,285.99,158.51,0
10773,2025-08-27,P002,Monitor,Electronics,North,Partner,Completed,2,288.32,175.02,0
10717,2025-08-28,P003,Keyboard,Accessories,Midlands,Online,Completed,1,50.17,25.52,0.15
10287,2025-08-29,P003,Keyboard,Accessories,Wales,Online,Completed,1,50.27,26.56,0.05
10710,2025-08-29,P006,Chair,Furniture,North,Retail,Completed,4,138.31,67.75,0
10813,2025-08-30,P006,Chair,Furniture,North,Online,Completed,3,139.23,69.85,0.05
10499,2025-09-02,P002,Monitor,Electronics,Midlands,Online,Completed,2,286.88,174.33,0
10578,2025-09-02,P001,Laptop,Electronics,Wales,Online,Completed,2,906.23,617.36,0
10853,2025-09-02,P005,Desk,Furniture,South,Online,Cancelled,1,278.52,157.16,0.15
10669,2025-09-03,P005,Desk,Furniture,North,Online,Completed,3,267.74,159.58,0.1
10682,2025-09-05,P002,Monitor,Electronics,North,Retail,Completed,1,291.69,172.11,0.15
10498,2025-09-07,P003,Keyboard,Accessories,South,Online,Completed,2,49.88,26.68,0.15
10857,2025-09-08,P008,Webcam,Electronics,Wales,Retail,Completed,2,91.52,42.57,0.05
10884,2025-09-08,P007,Headset,Accessories,North,Retail,Completed,1,70.61,34.95,0.1
10162,2025-09-09,P003,Keyboard,Accessories,North,Retail,Completed,3,50.85,26.39,0
10187,2025-09-09,P007,Headset,Accessories,South,Online,Completed,2,74.22,34.92,0.15
10190,2025-09-11,P003,Keyboard,Accessories,Wales,Online,Completed,4,48.0,25.96,0.1
10538,2025-09-11,P007,Headset,Accessories,Wales,Retail,Completed,3,72.8,35.99,0.15
10664,2025-09-11,P001,Laptop,Electronics,Scotland,Online,Cancelled,4,918.86,624.53,0
10822,2025-09-12,P001,Laptop,Electronics,Midlands,Retail,Completed,1,935.63,611.7,0.05
10888,2025-09-12,P003,Keyboard,Accessories,South,Online,Completed,2,49.07,26.61,0.15
10912,2025-09-12,P004,Mouse,Accessories,North,Retail,Completed,1,27.83,13.11,0
10205,2025-09-13,P003,Keyboard,Accessories,Scotland,Online,Completed,3,47.98,25.96,0.05
10864,2025-09-16,P002,Monitor,Electronics,South,Online,Completed,1,294.62,167.93,0
10035,2025-09-18,P001,Laptop,Electronics,Wales,Online,Completed,3,899.83,610.92,0
10715,2025-09-18,P003,Keyboard,Accessories,North,Partner,Completed,2,49.56,26.57,0
10529,2025-09-19,P006,Chair,Furniture,North,Online,Completed,3,138.06,67.88,0.15
10645,2025-09-19,P006,Chair,Furniture,North,Online,Completed,4,134.58,66.93,0
10142,2025-09-20,P001,Laptop,Electronics,North,Online,Completed,3,915.01,613.22,0
10512,2025-09-20,P005,Desk,Furniture,Wales,Retail,Completed,1,266.96,158.49,0.05
10536,2025-09-20,P005,Desk,Furniture,South,Online,Completed,4,282.3,154.51,0.15
10794,2025-09-21,P007,Headset,Accessories,South,Online,Completed,1,70.6,35.5,0
10311,2025-09-22,P003,Keyboard,Accessories,Scotland,Retail,Cancelled,2,49.36,26.26,0
10699,2025-09-22,P004,Mouse,Accessories,Scotland,Online,Completed,1,26.42,13.18,0
10266,2025-09-23,P008,Webcam,Electronics,North,Online,Completed,4,86.43,42.68,0
10924,2025-09-24,P007,Headset,Accessories,Scotland,Retail,Cancelled,2,72.13,35.11,0
10561,2025-09-25,P006,Chair,Furniture,North,Retail,Cancelled,1,132.14,67.43,0
10566,2025-09-26,P006,Chair,Furniture,Midlands,Online,Cancelled,2,132.74,68.96,0.05
10432,2025-09-28,P005,Desk,Furniture,Midlands,Online,Completed,1,274.45,155.44,0.05
10283,2025-10-02,P008,Webcam,Electronics,Midlands,Online,Completed,2,88.4,42.46,0.05
10319,2025-10-03,P008,Webcam,Electronics,North,Partner,Completed,1,86.33,43.17,0.05
10920,2025-10-03,P006,Chair,Furniture,Midlands,Online,Completed,3,138.71,68.41,0
10627,2025-10-06,P002,Monitor,Electronics,South,Retail,Completed,4,288.6,169.29,0.05
10537,2025-10-08,P007,Headset,Accessories,North,Online,Completed,1,73.13,35.54,0
10278,2025-10-11,P003,Keyboard,Accessories,Midlands,Online,Completed,4,49.06,26.47,0
10317,2025-10-12,P006,Chair,Furniture,Scotland,Online,Completed,1,135.63,67.74,0
10116,2025-10-13,P004,Mouse,Accessories,South,Retail,Completed,3,26.37,13.15,0.15
10674,2025-10-14,P003,Keyboard,Accessories,South,Retail,Completed,2,48.44,26.55,0.15
10195,2025-10-15,P003,Keyboard,Accessories,South,Online,Completed,3,48.34,26.12,0
10001,2025-10-16,P002,Monitor,Electronics,Scotland,Online,Completed,1,278.49,172.9,0.15
10301,2025-10-16,P006,Chair,Furniture,South,Retail,Completed,4,138.94,68.74,0
10045,2025-10-18,P007,Headset,Accessories,Wales,Online,Completed,3,72.77,36.02,0
10687,2025-10-20,P002,Monitor,Electronics,South,Online,Completed,4,287.85,168.73,0
10775,2025-10-21,P007,Headset,Accessories,South,Retail,Completed,3,72.42,34.56,0.05
10808,2025-10-21,P007,Headset,Accessories,Midlands,Online,Completed,1,73.55,35.92,0.05
10948,2025-10-21,P002,Monitor,Electronics,Wales,Online,Completed,3,277.21,168.3,0
10403,2025-10-24,P003,Keyboard,Accessories,North,Retail,Completed,1,50.85,26.32,0.15
10596,2025-10-26,P007,Headset,Accessories,Wales,Online,Completed,2,72.28,35.34,0
10616,2025-10-26,P003,Keyboard,Accessories,North,Retail,Completed,1,49.33,25.98,0
10908,2025-10-26,P002,Monitor,Electronics,Wales,Retail,Completed,1,278.91,174.86,0.15
10067,2025-10-27,P002,Monitor,Electronics,Scotland,Partner,Completed,1,288.85,168.63,0
10334,2025-10-27,P002,Monitor,Electronics,South,Retail,Completed,3,281.33,174.46,0
10105,2025-10-29,P003,Keyboard,Accessories,Wales,Online,Cancelled,4,50.51,26.62,0
10228,2025-10-30,P008,Webcam,Electronics,South,Retail,Completed,4,88.11,41.28,0
10210,2025-10-31,P008,Webcam,Electronics,South,Retail,Completed,3,91.83,42.69,0
10184,2025-11-02,P006,Chair,Furniture,North,Online,Completed,3,135.11,69.89,0.15
10833,2025-11-04,P001,Laptop,Electronics,Wales,Retail,Completed,3,953.41,638.59,0
10448,2025-11-05,P003,Keyboard,Accessories,North,Retail,Cancelled,4,50.41,26.11,0.05
10763,2025-11-06,P001,Laptop,Electronics,North,Online,Completed,4,935.39,630.99,0
10130,2025-11-07,P001,Laptop,Electronics,North,Retail,Completed,2,913.25,613.0,0.1
10624,2025-11-07,P003,Keyboard,Accessories,Scotland,Online,Completed,4,50.17,25.9,0
10870,2025-11-07,P003,Keyboard,Accessories,Wales,Partner,Cancelled,1,48.97,26.63,0
10497,2025-11-08,P005,Desk,Furniture,North,Retail,Completed,1,270.03,158.34,0.05
10078,2025-11-10,P006,Chair,Furniture,South,Online,Cancelled,4,134.27,68.18,0
10667,2025-11-10,P002,Monitor,Electronics,South,Partner,Cancelled,3,285.8,170.96,0
10557,2025-11-12,P004,Mouse,Accessories,Midlands,Partner,Completed,4,27.38,12.77,0
10112,2025-11-13,P001,Laptop,Electronics,Wales,Retail,Completed,4,920.85,618.31,0
10696,2025-11-14,P008,Webcam,Electronics,Scotland,Online,Completed,2,90.91,42.19,0
10859,2025-11-14,P008,Webcam,Electronics,North,Online,Completed,2,91.27,43.14,0
10489,2025-11-15,P004,Mouse,Accessories,Midlands,Partner,Completed,3,28.04,12.95,0
10094,2025-11-17,P002,Monitor,Electronics,Midlands,Retail,Completed,2,295.31,173.52,0.15
10257,2025-11-18,P004,Mouse,Accessories,North,Partner,Completed,4,26.59,12.86,0
10410,2025-11-18,P006,Chair,Furniture,Scotland,Retail,Cancelled,3,133.73,68.24,0
10589,2025-11-18,P007,Headset,Accessories,Midlands,Online,Completed,4,73.14,35.65,0.1
10772,2025-11-19,P002,Monitor,Electronics,Midlands,Retail,Completed,4,279.31,170.01,0
10454,2025-11-21,P005,Desk,Furniture,Scotland,Online,Completed,4,269.55,157.09,0.05
10297,2025-11-24,P003,Keyboard,Accessories,South,Retail,Completed,2,48.99,26.08,0.1
10881,2025-11-24,P007,Headset,Accessories,Scotland,Retail,Completed,4,73.31,35.96,0.05
10507,2025-11-27,P007,Headset,Accessories,Midlands,Retail,Completed,2,71.71,35.27,0
10071,2025-12-01,P002,Monitor,Electronics,Midlands,Online,Completed,1,286.54,169.5,0
10500,2025-12-01,P007,Headset,Accessories,South,Online,Cancelled,2,70.04,35.67,0.1
10009,2025-12-05,P004,Mouse,Accessories,Scotland,Retail,Completed,3,27.71,13.0,0
10293,2025-12-05,P004,Mouse,Accessories,Midlands,Online,Cancelled,4,27.14,12.96,0.15
10547,2025-12-05,P008,Webcam,Electronics,Midlands,Retail,Completed,4,87.77,41.18,0.1
10290,2025-12-09,P007,Headset,Accessories,Scotland,Online,Cancelled,1,73.06,34.45,0.1
10167,2025-12-10,P003,Keyboard,Accessories,North,Online,Completed,4,49.62,26.46,0.05
10060,2025-12-11,P003,Keyboard,Accessories,North,Online,Cancelled,2,48.96,25.75,0.05
10285,2025-12-12,P004,Mouse,Accessories,Midlands,Partner,Completed,4,27.58,13.15,0
10931,2025-12-12,P008,Webcam,Electronics,Scotland,Retail,Completed,3,88.2,41.85,0.1
10056,2025-12-13,P008,Webcam,Electronics,South,Partner,Completed,1,87.16,42.14,0.05
10787,2025-12-13,P008,Webcam,Electronics,Wales,Online,Completed,1,89.9,42.86,0
10296,2025-12-14,P008,Webcam,Electronics,North,Online,Completed,3,91.62,42.52,0
10544,2025-12-15,P003,Keyboard,Accessories,South,Retail,Cancelled,4,49.33,26.31,0.05
10649,2025-12-17,P006,Chair,Furniture,Midlands,Online,Completed,3,134.27,68.21,0
10244,2025-12-18,P002,Monitor,Electronics,Wales,Online,Completed,1,282.18,168.13,0
10871,2025-12-18,P005,Desk,Furniture,Wales,Online,Completed,3,278.5,153.04,0.1
10490,2025-12-21,P005,Desk,Furniture,South,Retail,Completed,3,274.04,156.45,0.15
10353,2025-12-22,P001,Laptop,Electronics,Scotland,Online,Completed,2,908.39,618.63,0.15
10611,2025-12-22,P001,Laptop,Electronics,Midlands,Retail,Completed,1,925.8,619.86,0
10725,2025-12-22,P002,Monitor,Electronics,North,Online,Cancelled,2,289.4,172.87,0
10844,2025-12-22,P005,Desk,Furniture,South,Online,Completed,3,282.3,154.55,0.1
10088,2025-12-24,P005,Desk,Furniture,North,Online,Completed,4,278.1,158.13,0.15
10409,2025-12-26,P004,Mouse,Accessories,South,Online,Cancelled,3,27.67,13.33,0.15
10648,2025-12-28,P008,Webcam,Electronics,North,Online,Cancelled,4,92.02,41.98,0
10314,2025-12-29,P006,Chair,Furniture,Scotland,Retail,Completed,2,136.41,67.55,0
10019,2025-12-31,P005,Desk,Furniture,Wales,Retail,Completed,4,275.44,153.82,0.1
10159,2026-01-01,P002,Monitor,Electronics,North,Retail,Completed,2,286.88,167.95,0.1
10003,2026-01-03,P007,Headset,Accessories,Midlands,Online,Completed,2,73.36,34.9,0
10032,2026-01-03,P006,Chair,Furniture,Midlands,Online,Completed,2,133.94,69.2,0.05
10197,2026-01-04,P008,Webcam,Electronics,Scotland,Retail,Completed,4,92.39,42.51,0
10069,2026-01-05,P002,Monitor,Electronics,Wales,Online,Completed,2,287.94,174.32,0
10049,2026-01-07,P005,Desk,Furniture,South,Online,Completed,3,269.2,155.16,0.1
10494,2026-01-07,P002,Monitor,Electronics,South,Online,Cancelled,4,289.36,170.09,0
10136,2026-01-08,P004,Mouse,Accessories,Midlands,Online,Completed,4,26.94,13.21,0.05
10446,2026-01-08,P007,Headset,Accessories,Midlands,Online,Completed,1,70.93,35.74,0.05
10799,2026-01-09,P008,Webcam,Electronics,North,Partner,Completed,1,88.19,41.29,0.1
10243,2026-01-10,P001,Laptop,Electronics,Midlands,Online,Completed,4,897.1,620.73,0.1
10581,2026-01-10,P006,Chair,Furniture,North,Retail,Cancelled,4,136.57,67.66,0
10632,2026-01-11,P001,Laptop,Electronics,North,Retail,Completed,2,943.74,627.62,0.05
10102,2026-01-13,P005,Desk,Furniture,Scotland,Online,Completed,4,273.15,157.81,0
10553,2026-01-14,P001,Laptop,Electronics,North,Online,Completed,2,919.46,631.96,0
10604,2026-01-14,P001,Laptop,Electronics,Wales,Online,Completed,3,920.93,636.55,0
10420,2026-01-15,P006,Chair,Furniture,Wales,Partner,Completed,4,134.34,67.28,0.05
10591,2026-01-15,P002,Monitor,Electronics,South,Online,Cancelled,1,293.78,173.57,0
10005,2026-01-17,P008,Webcam,Electronics,Wales,Online,Cancelled,1,91.5,42.46,0
10381,2026-01-17,P005,Desk,Furniture,Midlands,Online,Completed,3,277.33,155.7,0.1
10582,2026-01-18,P007,Headset,Accessories,Scotland,Partner,Completed,1,74.27,35.06,0
10488,2026-01-19,P008,Webcam,Electronics,North,Retail,Completed,3,87.98,41.65,0
10585,2026-01-19,P007,Headset,Accessories,Scotland,Retail,Completed,4,72.02,35.68,0
10882,2026-01-19,P007,Headset,Accessories,North,Online,Completed,2,74.72,35.2,0
10753,2026-01-20,P001,Laptop,Electronics,North,Online,Completed,3,948.96,611.8,0.05
10484,2026-01-21,P002,Monitor,Electronics,Wales,Retail,Completed,1,288.0,173.14,0.1
10612,2026-01-22,P001,Laptop,Electronics,South,Retail,Completed,4,911.15,619.94,0
10858,2026-01-22,P006,Chair,Furniture,Scotland,Retail,Cancelled,4,133.62,69.19,0
10052,2026-01-23,P003,Keyboard,Accessories,Midlands,Retail,Cancelled,1,47.85,26.72,0
10837,2026-01-23,P005,Desk,Furniture,Midlands,Online,Completed,2,270.6,155.35,0.1
10042,2026-01-24,P006,Chair,Furniture,Scotland,Partner,Completed,4,132.45,69.02,0
10048,2026-01-24,P004,Mouse,Accessories,Midlands,Partner,Completed,3,26.78,13.29,0.1
10879,2026-01-25,P004,Mouse,Accessories,Midlands,Retail,Completed,1,26.38,13.2,0.05
10164,2026-01-26,P002,Monitor,Electronics,South,Online,Completed,4,295.43,169.5,0
10344,2026-01-27,P004,Mouse,Accessories,Midlands,Partner,Completed,4,27.89,13.23,0.15
10411,2026-01-28,P005,Desk,Furniture,Wales,Partner,Completed,2,273.59,157.67,0
10258,2026-01-29,P002,Monitor,Electronics,Wales,Retail,Completed,4,294.71,171.29,0.05
10634,2026-01-30,P001,Laptop,Electronics,South,Retail,Cancelled,3,893.61,625.5,0.1
10437,2026-01-31,P004,Mouse,Accessories,South,Retail,Cancelled,3,27.01,13.21,0
10847,2026-02-01,P008,Webcam,Electronics,South,Partner,Completed,3,90.53,42.61,0.15
10914,2026-02-02,P002,Monitor,Electronics,Midlands,Retail,Completed,2,290.99,168.93,0.1
10825,2026-02-04,P006,Chair,Furniture,Midlands,Partner,Cancelled,4,135.84,68.12,0
10540,2026-02-06,P002,Monitor,Electronics,North,Online,Completed,2,287.39,166.82,0.05
10313,2026-02-07,P007,Headset,Accessories,Wales,Partner,Completed,1,74.21,34.74,0.15
10892,2026-02-07,P008,Webcam,Electronics,North,Partner,Completed,1,88.04,41.59,0
10309,2026-02-08,P004,Mouse,Accessories,Scotland,Online,Completed,3,27.82,12.8,0
10066,2026-02-09,P007,Headset,Accessories,Scotland,Online,Cancelled,3,74.88,34.91,0
10292,2026-02-09,P006,Chair,Furniture,North,Online,Completed,4,138.01,68.54,0.1
10465,2026-02-09,P001,Laptop,Electronics,South,Online,Cancelled,1,908.1,608.84,0.1
10726,2026-02-09,P004,Mouse,Accessories,Midlands,Partner,Cancelled,2,26.99,12.78,0.15
10062,2026-02-10,P007,Headset,Accessories,South,Retail,Cancelled,4,72.3,34.78,0
10456,2026-02-10,P001,Laptop,Electronics,Scotland,Online,Cancelled,3,940.21,625.0,0
10719,2026-02-10,P001,Laptop,Electronics,Wales,Online,Completed,4,934.11,610.41,0
10120,2026-02-11,P004,Mouse,Accessories,Wales,Retail,Completed,4,27.68,12.75,0
10472,2026-02-13,P001,Laptop,Electronics,Midlands,Online,Completed,1,911.81,610.28,0.15
10778,2026-02-17,P002,Monitor,Electronics,Scotland,Online,Completed,4,286.52,171.21,0.05
10085,2026-02-21,P007,Headset,Accessories,Scotland,Online,Completed,2,74.18,36.03,0
10211,2026-02-21,P007,Headset,Accessories,North,Online,Cancelled,3,71.67,34.81,0
10473,2026-02-22,P008,Webcam,Electronics,Midlands,Retail,Completed,4,89.65,41.45,0
10935,2026-02-22,P006,Chair,Furniture,Wales,Online,Completed,1,133.02,67.53,0
10165,2026-02-23,P008,Webcam,Electronics,North,Online,Completed,2,91.59,41.37,0
10249,2026-02-23,P001,Laptop,Electronics,North,Online,Completed,2,930.9,629.4,0.05
10504,2026-02-23,P004,Mouse,Accessories,Midlands,Partner,Completed,1,26.55,13.2,0
10567,2026-02-23,P003,Keyboard,Accessories,Midlands,Retail,Completed,3,49.32,25.57,0
10574,2026-02-23,P006,Chair,Furniture,South,Online,Completed,4,138.44,68.51,0
10054,2026-02-25,P002,Monitor,Electronics,Midlands,Retail,Completed,4,290.34,170.8,0.15
10812,2026-02-25,P003,Keyboard,Accessories,Scotland,Online,Completed,4,47.99,25.71,0.15
10229,2026-02-26,P002,Monitor,Electronics,South,Retail,Completed,2,284.79,173.72,0
10291,2026-02-26,P004,Mouse,Accessories,North,Retail,Cancelled,3,27.47,13.0,0.15
10843,2026-02-26,P001,Laptop,Electronics,Scotland,Online,Completed,1,895.31,620.5,0.05
10603,2026-02-27,P003,Keyboard,Accessories,Midlands,Retail,Completed,2,48.62,26.62,0
10166,2026-02-28,P001,Laptop,Electronics,Scotland,Retail,Cancelled,3,902.33,613.21,0.05
10655,2026-02-28,P007,Headset,Accessories,South,Retail,Completed,3,73.96,35.85,0
10579,2026-03-01,P005,Desk,Furniture,North,Online,Completed,2,271.85,158.79,0
10339,2026-03-02,P002,Monitor,Electronics,North,Online,Completed,1,281.33,170.61,0
10129,2026-03-03,P003,Keyboard,Accessories,Midlands,Partner,Completed,1,48.39,25.71,0.1
10502,2026-03-04,P007,Headset,Accessories,Midlands,Online,Cancelled,4,71.0,35.7,0.05
10176,2026-03-05,P005,Desk,Furniture,Midlands,Online,Completed,2,282.03,155.44,0.15
10259,2026-03-05,P005,Desk,Furniture,South,Retail,Completed,4,273.67,158.74,0
10459,2026-03-05,P004,Mouse,Accessories,Midlands,Partner,Completed,3,28.01,13.22,0
10519,2026-03-05,P008,Webcam,Electronics,Wales,Partner,Completed,4,87.94,41.96,0
10685,2026-03-06,P001,Laptop,Electronics,Midlands,Partner,Completed,4,903.86,609.75,0
10435,2026-03-08,P006,Chair,Furniture,Scotland,Partner,Completed,1,139.65,67.02,0.05
10690,2026-03-10,P002,Monitor,Electronics,North,Partner,Completed,2,287.77,174.55,0
10509,2026-03-12,P003,Keyboard,Accessories,North,Online,Completed,1,49.64,26.37,0.1
10764,2026-03-12,P002,Monitor,Electronics,South,Online,Completed,2,278.26,173.79,0
10028,2026-03-13,P008,Webcam,Electronics,North,Online,Completed,2,90.91,41.29,0.1
10168,2026-03-13,P008,Webcam,Electronics,South,Online,Completed,2,88.62,43.15,0
10329,2026-03-13,P004,Mouse,Accessories,Midlands,Online,Cancelled,4,27.19,13.38,0
10426,2026-03-14,P002,Monitor,Electronics,North,Online,Completed,4,295.86,169.64,0.1
10051,2026-03-15,P006,Chair,Furniture,Midlands,Retail,Cancelled,4,138.45,69.9,0.05
10179,2026-03-16,P001,Laptop,Electronics,Scotland,Online,Completed,4,908.74,608.1,0
10653,2026-03-17,P006,Chair,Furniture,North,Retail,Cancelled,2,132.03,68.67,0.05
10180,2026-03-18,P002,Monitor,Electronics,Midlands,Retail,Completed,3,291.12,169.43,0.1
10520,2026-03-18,P004,Mouse,Accessories,Scotland,Online,Completed,2,27.2,13.2,0.1
10503,2026-03-19,P007,Headset,Accessories,South,Retail,Cancelled,3,71.98,34.75,0
10505,2026-03-19,P001,Laptop,Electronics,South,Online,Completed,1,944.2,620.27,0.15
10617,2026-03-21,P003,Keyboard,Accessories,South,Online,Completed,4,49.47,26.34,0
10723,2026-03-24,P004,Mouse,Accessories,South,Online,Completed,1,27.98,13.18,0.1
10298,2026-03-27,P007,Headset,Accessories,North,Retail,Completed,2,73.56,35.85,0
10098,2026-03-29,P004,Mouse,Accessories,Midlands,Online,Completed,2,26.61,13.29,0
10445,2026-03-30,P005,Desk,Furniture,South,Online,Completed,3,269.45,157.46,0.05
10151,2026-03-31,P008,Webcam,Electronics,North,Retail,Completed,3,90.0,42.26,0.05
10350,2026-03-31,P007,Headset,Accessories,Midlands,Online,Completed,3,70.53,35.65,0
10732,2026-04-01,P004,Mouse,Accessories,Midlands,Online,Completed,3,27.31,13.19,0.05
10868,2026-04-01,P007,Headset,Accessories,Wales,Partner,Cancelled,4,71.66,34.35,0.15
10518,2026-04-02,P005,Desk,Furniture,South,Partner,Cancelled,3,281.57,157.77,0.05
10683,2026-04-02,P003,Keyboard,Accessories,South,Online,Completed,1,50.74,26.31,0.15
10284,2026-04-03,P006,Chair,Furniture,Midlands,Retail,Cancelled,4,133.79,68.69,0
10368,2026-04-05,P003,Keyboard,Accessories,South,Partner,Completed,3,47.61,26.24,0
10550,2026-04-06,P005,Desk,Furniture,South,Online,Completed,3,270.37,152.43,0.05
10672,2026-04-07,P003,Keyboard,Accessories,Scotland,Online,Completed,3,50.49,25.93,0.1
10670,2026-04-08,P001,Laptop,Electronics,South,Online,Completed,3,908.63,626.69,0
10779,2026-04-08,P001,Laptop,Electronics,Wales,Partner,Completed,1,921.39,634.04,0.05
10873,2026-04-11,P007,Headset,Accessories,Wales,Online,Cancelled,2,71.81,35.56,0
10810,2026-04-12,P006,Chair,Furniture,South,Retail,Completed,4,135.14,68.82,0.15
10302,2026-04-13,P005,Desk,Furniture,South,Online,Completed,1,269.0,154.79,0
10761,2026-04-14,P002,Monitor,Electronics,North,Retail,Completed,2,278.95,167.71,0
10854,2026-04-16,P008,Webcam,Electronics,South,Online,Completed,2,88.3,41.29,0.1
10622,2026-04-19,P004,Mouse,Accessories,North,Online,Completed,1,26.46,12.76,0
10766,2026-04-19,P001,Laptop,Electronics,South,Partner,Completed,2,892.68,630.09,0.1
10698,2026-04-20,P002,Monitor,Electronics,South,Retail,Completed,4,278.73,171.66,0
10375,2026-04-21,P006,Chair,Furniture,North,Online,Completed,4,133.38,67.01,0
10796,2026-04-23,P005,Desk,Furniture,Midlands,Retail,Completed,2,268.94,153.39,0
10610,2026-04-24,P007,Headset,Accessories,Midlands,Partner,Cancelled,3,72.54,35.42,0.1
10817,2026-04-27,P008,Webcam,Electronics,North,Online,Completed,1,90.98,41.96,0
10549,2026-04-28,P007,Headset,Accessories,Midlands,Online,Completed,2,73.69,35.89,0.1
10880,2026-04-28,P007,Headset,Accessories,North,Online,Completed,1,70.92,34.44,0.05
10614,2026-04-29,P008,Webcam,Electronics,South,Online,Cancelled,1,89.73,41.99,0.15
10893,2026-04-29,P008,Webcam,Electronics,Scotland,Retail,Completed,1,86.61,42.97,0.1
10138,2026-05-01,P002,Monitor,Electronics,Midlands,Retail,Completed,1,287.55,171.58,0
10081,2026-05-02,P004,Mouse,Accessories,North,Online,Completed,3,27.2,12.92,0.15
10802,2026-05-02,P007,Headset,Accessories,Wales,Online,Completed,2,70.92,34.78,0
10149,2026-05-03,P006,Chair,Furniture,Midlands,Retail,Completed,1,135.29,66.9,0
10247,2026-05-04,P001,Laptop,Electronics,Wales,Online,Cancelled,1,926.66,633.12,0.05
10477,2026-05-04,P005,Desk,Furniture,North,Retail,Cancelled,2,283.14,159.13,0
10572,2026-05-04,P005,Desk,Furniture,Wales,Partner,Completed,1,280.71,156.02,0
10433,2026-05-05,P007,Headset,Accessories,Scotland,Retail,Completed,4,70.51,35.57,0
10568,2026-05-05,P003,Keyboard,Accessories,Scotland,Online,Completed,2,47.87,26.22,0
10569,2026-05-06,P007,Headset,Accessories,South,Retail,Completed,4,71.69,35.36,0
10401,2026-05-07,P005,Desk,Furniture,Midlands,Online,Completed,1,281.76,153.56,0.1
10482,2026-05-10,P006,Chair,Furniture,South,Online,Completed,2,135.16,69.27,0.05
10636,2026-05-12,P003,Keyboard,Accessories,North,Online,Completed,4,50.47,26.4,0.15
10733,2026-05-12,P008,Webcam,Electronics,Midlands,Online,Completed,4,91.25,41.64,0
10462,2026-05-13,P005,Desk,Furniture,Scotland,Retail,Completed,4,272.87,153.6,0.15
10661,2026-05-13,P006,Chair,Furniture,North,Partner,Completed,4,131.06,68.84,0
10348,2026-05-15,P007,Headset,Accessories,Midlands,Retail,Cancelled,3,72.39,35.42,0
10576,2026-05-15,P006,Chair,Furniture,Scotland,Online,Completed,4,133.22,68.5,0.1
10607,2026-05-16,P008,Webcam,Electronics,North,Online,Completed,3,87.35,41.64,0
10759,2026-05-16,P002,Monitor,Electronics,South,Online,Completed,4,286.02,169.25,0
10487,2026-05-18,P003,Keyboard,Accessories,Midlands,Online,Cancelled,2,50.52,25.67,0.15
10915,2026-05-18,P001,Laptop,Electronics,South,Partner,Completed,3,933.68,636.84,0.05
10072,2026-05-19,P007,Headset,Accessories,North,Partner,Completed,4,70.61,34.61,0.15
10030,2026-05-21,P003,Keyboard,Accessories,South,Retail,Completed,1,47.94,26.64,0.05
10241,2026-05-24,P008,Webcam,Electronics,South,Retail,Completed,1,91.93,42.1,0
10414,2026-05-24,P003,Keyboard,Accessories,Wales,Online,Cancelled,2,48.02,26.6,0.05
10950,2026-05-25,P005,Desk,Furniture,Scotland,Online,Completed,1,284.96,158.27,0.05
10441,2026-05-27,P008,Webcam,Electronics,Midlands,Partner,Completed,4,88.84,41.24,0
10254,2026-05-28,P003,Keyboard,Accessories,Wales,Retail,Completed,4,49.35,25.98,0.1
10806,2026-05-28,P008,Webcam,Electronics,North,Partner,Completed,4,86.89,42.89,0
10626,2026-05-30,P005,Desk,Furniture,South,Online,Completed,3,267.87,156.33,0.1
10092,2026-05-31,P001,Laptop,Electronics,South,Retail,Completed,3,925.82,621.31,0.05
10006,2026-06-01,P006,Chair,Furniture,South,Online,Completed,2,140.26,69.55,0
10024,2026-06-01,P002,Monitor,Electronics,North,Online,Completed,2,280.11,170.53,0.05
10101,2026-06-03,P002,Monitor,Electronics,Scotland,Partner,Completed,3,281.78,166.62,0.1
10157,2026-06-03,P002,Monitor,Electronics,South,Retail,Completed,4,294.59,171.46,0.05
10261,2026-06-03,P004,Mouse,Accessories,North,Retail,Cancelled,2,27.55,12.93,0.1
10543,2026-06-03,P008,Webcam,Electronics,Wales,Online,Completed,4,89.1,43.2,0.1
10310,2026-06-05,P002,Monitor,Electronics,North,Retail,Completed,2,288.62,170.24,0.15
10007,2026-06-06,P002,Monitor,Electronics,Midlands,Retail,Completed,4,283.84,168.38,0
10747,2026-06-07,P006,Chair,Furniture,Wales,Retail,Completed,1,131.01,68.81,0
10640,2026-06-11,P002,Monitor,Electronics,North,Online,Completed,2,293.7,167.58,0.15
10217,2026-06-12,P001,Laptop,Electronics,Midlands,Retail,Cancelled,4,907.05,609.19,0.1
10756,2026-06-12,P006,Chair,Furniture,Midlands,Retail,Completed,3,136.0,67.84,0
10337,2026-06-13,P005,Desk,Furniture,Scotland,Online,Completed,1,276.83,153.94,0
10863,2026-06-13,P002,Monitor,Electronics,Wales,Online,Completed,1,295.89,173.24,0
10025,2026-06-14,P002,Monitor,Electronics,Scotland,Partner,Completed,4,289.46,171.19,0
10246,2026-06-14,P003,Keyboard,Accessories,North,Partner,Completed,3,47.97,26.75,0.1
10874,2026-06-19,P003,Keyboard,Accessories,North,Online,Completed,3,48.7,26.31,0.1
10076,2026-06-20,P005,Desk,Furniture,South,Online,Completed,1,274.57,156.2,0.15
10793,2026-06-21,P001,Laptop,Electronics,South,Online,Completed,2,952.75,624.11,0
10942,2026-06-22,P006,Chair,Furniture,South,Online,Completed,4,137.51,69.07,0.1
10041,2026-06-24,P007,Headset,Accessories,Wales,Online,Completed,2,74.28,34.34,0
10814,2026-06-24,P004,Mouse,Accessories,Wales,Partner,Cancelled,1,26.62,12.8,0.15
10125,2026-06-25,P007,Headset,Accessories,Scotland,Retail,Completed,1,73.32,34.68,0
10466,2026-06-25,P006,Chair,Furniture,Wales,Partner,Completed,4,136.06,67.6,0
10941,2026-06-26,P008,Webcam,Electronics,South,Retail,Cancelled,2,87.37,41.98,0
10108,2026-06-27,P008,Webcam,Electronics,South,Online,Completed,1,90.98,42.07,0
10724,2026-06-28,P001,Laptop,Electronics,Midlands,Online,Completed,1,916.0,627.69,0
10431,2026-06-30,P001,Laptop,Electronics,Scotland,Retail,Completed,1,915.42,621.17,0
10712,2026-06-30,P007,Headset,Accessories,North,Retail,Completed,2,71.72,35.1,0.05
10407,2026-07-02,P005,Desk,Furniture,North,Retail,Completed,2,274.53,154.38,0.1
10823,2026-07-02,P001,Laptop,Electronics,Midlands,Online,Completed,2,900.9,617.44,0.05
10855,2026-07-03,P007,Headset,Accessories,North,Retail,Completed,4,73.36,34.34,0.05
10897,2026-07-03,P006,Chair,Furniture,Midlands,Retail,Completed,3,132.86,69.2,0
10605,2026-07-04,P005,Desk,Furniture,Scotland,Online,Completed,2,281.43,156.64,0
10663,2026-07-04,P007,Headset,Accessories,Midlands,Online,Completed,2,71.63,34.63,0.05
10237,2026-07-05,P005,Desk,Furniture,South,Partner,Completed,1,271.0,159.32,0.1
10058,2026-07-07,P003,Keyboard,Accessories,Midlands,Retail,Completed,4,49.19,25.79,0.1
10491,2026-07-08,P002,Monitor,Electronics,Midlands,Partner,Cancelled,3,283.49,173.98,0.05
10625,2026-07-08,P007,Headset,Accessories,Scotland,Retail,Completed,1,72.21,34.51,0
10746,2026-07-08,P007,Headset,Accessories,North,Retail,Completed,4,70.89,35.13,0
10047,2026-07-10,P004,Mouse,Accessories,North,Online,Cancelled,3,27.49,13.35,0.1
10272,2026-07-11,P008,Webcam,Electronics,North,Online,Completed,3,89.84,41.23,0.1
10342,2026-07-12,P001,Laptop,Electronics,North,Online,Completed,2,896.84,622.02,0.05
10656,2026-07-13,P001,Laptop,Electronics,South,Online,Completed,2,932.04,621.46,0.05
10841,2026-07-13,P005,Desk,Furniture,South,Online,Completed,2,268.22,152.25,0.1
10476,2026-07-14,P006,Chair,Furniture,Midlands,Retail,Cancelled,2,132.47,67.39,0
10175,2026-07-16,P002,Monitor,Electronics,Midlands,Retail,Cancelled,1,288.6,170.2,0.15
10740,2026-07-17,P008,Webcam,Electronics,South,Retail,Completed,3,90.55,41.41,0
10834,2026-07-17,P003,Keyboard,Accessories,Scotland,Retail,Completed,2,50.27,26.45,0
10172,2026-07-21,P004,Mouse,Accessories,Wales,Partner,Completed,4,26.94,12.98,0
10467,2026-07-22,P006,Chair,Furniture,South,Online,Completed,4,135.81,69.86,0
10390,2026-07-25,P002,Monitor,Electronics,Midlands,Online,Completed,1,286.82,174.4,0
10369,2026-07-28,P003,Keyboard,Accessories,Scotland,Partner,Completed,1,49.95,26.34,0
10845,2026-07-29,P003,Keyboard,Accessories,North,Retail,Cancelled,2,50.52,25.62,0
10304,2026-07-30,P003,Keyboard,Accessories,South,Online,Completed,2,49.65,26.61,0.05
10524,2026-07-31,P002,Monitor,Electronics,South,Retail,Cancelled,4,293.37,169.76,0
10684,2026-08-02,P005,Desk,Furniture,South,Retail,Completed,4,269.87,152.47,0
10767,2026-08-04,P004,Mouse,Accessories,Midlands,Retail,Completed,4,28.0,12.86,0.15
10392,2026-08-05,P002,Monitor,Electronics,Scotland,Partner,Completed,1,281.72,172.17,0.05
10686,2026-08-08,P004,Mouse,Accessories,North,Online,Completed,4,27.64,12.88,0.1
10273,2026-08-09,P006,Chair,Furniture,Wales,Retail,Completed,1,133.78,68.56,0
10583,2026-08-10,P002,Monitor,Electronics,Scotland,Retail,Completed,2,291.96,169.85,0.15
10513,2026-08-11,P005,Desk,Furniture,North,Retail,Cancelled,2,271.21,153.21,0.15
10738,2026-08-11,P008,Webcam,Electronics,Wales,Partner,Completed,2,92.37,42.31,0
10801,2026-08-13,P002,Monitor,Electronics,South,Online,Cancelled,3,291.88,169.26,0
10230,2026-08-14,P001,Laptop,Electronics,Scotland,Online,Completed,4,893.0,625.21,0
10074,2026-08-15,P002,Monitor,Electronics,Wales,Online,Completed,3,288.63,169.82,0.1
10316,2026-08-16,P006,Chair,Furniture,Wales,Online,Completed,4,131.83,69.95,0.15
10755,2026-08-16,P002,Monitor,Electronics,Scotland,Online,Completed,2,291.46,171.22,0.1
10558,2026-08-17,P002,Monitor,Electronics,South,Online,Completed,3,293.68,168.45,0
10050,2026-08-20,P007,Headset,Accessories,South,Online,Cancelled,2,71.37,34.67,0
10328,2026-08-21,P001,Laptop,Electronics,North,Retail,Completed,3,917.63,627.63,0.15
10938,2026-08-21,P007,Headset,Accessories,North,Partner,Completed,1,70.81,34.96,0
10765,2026-08-22,P005,Desk,Furniture,Midlands,Partner,Cancelled,3,276.47,152.43,0
10434,2026-08-23,P003,Keyboard,Accessories,Midlands,Retail,Cancelled,1,49.03,26.27,0.15
10207,2026-08-26,P007,Headset,Accessories,Midlands,Partner,Completed,4,74.55,35.56,0
10017,2026-08-27,P002,Monitor,Electronics,South,Retail,Cancelled,1,279.01,170.64,0
10366,2026-08-28,P003,Keyboard,Accessories,Scotland,Retail,Completed,2,48.59,26.12,0.1
10421,2026-08-28,P007,Headset,Accessories,North,Retail,Completed,1,73.54,35.33,0
10705,2026-08-31,P002,Monitor,Electronics,Midlands,Online,Completed,3,278.79,171.11,0
